Event Index;UTC Timestamp;UTC Date;Local Timestamp;Local Timezone;Local Date;Experiment ID;Experiment Version;Tree Node Key;Repeat Key;Schedule ID;Participant Public ID;Participant Private ID;Participant Starting Group;Participant Status;Participant Completion Code;Participant External Session ID;Participant Device Type;Participant Device;Participant OS;Participant Browser;Participant Monitor Size;Participant Viewport Size;Checkpoint;Task Name;Task Version;counterbalance-9qvq;checkpoint-4d69;checkpoint-7y1f;checkpoint-fqea;Question Key;Response
1;1591084239955;02/06/2020 07:50:39;1591084238553;2;02/06/2020 09:50:38;18755;2;questionnaire-89vf;;5268284;5a9bb11435237b0001129a35;1483735;;complete;;5ed5fde7cee909000a0ef06e;computer;Desktop or Laptop;Windows 10;Chrome 83.0.4103.61;1600x900;1600x805;after demographic;demographic;4;BRAC1_horiLL_1st300;after consent;after demographic;Task done;BEGIN QUESTIONNAIRE;
2;1591084280784;02/06/2020 07:51:20;1591084279417;2;02/06/2020 09:51:19;18755;2;questionnaire-89vf;;5268284;5a9bb11435237b0001129a35;1483735;;complete;;5ed5fde7cee909000a0ef06e;computer;Desktop or Laptop;Windows 10;Chrome 83.0.4103.61;1600x900;1586x805;after demographic;demographic;4;BRAC1_horiLL_1st300;after consent;after demographic;Task done;sex;male
3;1591084280987;02/06/2020 07:51:20;1591084279420;2;02/06/2020 09:51:19;18755;2;questionnaire-89vf;;5268284;5a9bb11435237b0001129a35;1483735;;complete;;5ed5fde7cee909000a0ef06e;computer;Desktop or Laptop;Windows 10;Chrome 83.0.4103.61;1600x900;1586x805;after demographic;demographic;4;BRAC1_horiLL_1st300;after consent;after demographic;Task done;sex-quantised;1
4;1591084280987;02/06/2020 07:51:20;1591084279420;2;02/06/2020 09:51:19;18755;2;questionnaire-89vf;;5268284;5a9bb11435237b0001129a35;1483735;;complete;;5ed5fde7cee909000a0ef06e;computer;Desktop or Laptop;Windows 10;Chrome 83.0.4103.61;1600x900;1586x805;after demographic;demographic;4;BRAC1_horiLL_1st300;after consent;after demographic;Task done;age;21
5;1591084280987;02/06/2020 07:51:20;1591084279420;2;02/06/2020 09:51:19;18755;2;questionnaire-89vf;;5268284;5a9bb11435237b0001129a35;1483735;;complete;;5ed5fde7cee909000a0ef06e;computer;Desktop or Laptop;Windows 10;Chrome 83.0.4103.61;1600x900;1586x805;after demographic;demographic;4;BRAC1_horiLL_1st300;after consent;after demographic;Task done;response-2;right-handed
6;1591084280987;02/06/2020 07:51:20;1591084279420;2;02/06/2020 09:51:19;18755;2;questionnaire-89vf;;5268284;5a9bb11435237b0001129a35;1483735;;complete;;5ed5fde7cee909000a0ef06e;computer;Desktop or Laptop;Windows 10;Chrome 83.0.4103.61;1600x900;1586x805;after demographic;demographic;4;BRAC1_horiLL_1st300;after consent;after demographic;Task done;response-2-quantised;1
7;1591084280987;02/06/2020 07:51:20;1591084279420;2;02/06/2020 09:51:19;18755;2;questionnaire-89vf;;5268284;5a9bb11435237b0001129a35;1483735;;complete;;5ed5fde7cee909000a0ef06e;computer;Desktop or Laptop;Windows 10;Chrome 83.0.4103.61;1600x900;1586x805;after demographic;demographic;4;BRAC1_horiLL_1st300;after consent;after demographic;Task done;response-2-text;
8;1591084280987;02/06/2020 07:51:20;1591084279420;2;02/06/2020 09:51:19;18755;2;questionnaire-89vf;;5268284;5a9bb11435237b0001129a35;1483735;;complete;;5ed5fde7cee909000a0ef06e;computer;Desktop or Laptop;Windows 10;Chrome 83.0.4103.61;1600x900;1586x805;after demographic;demographic;4;BRAC1_horiLL_1st300;after consent;after demographic;Task done;response-3;Polish
9;1591084280987;02/06/2020 07:51:20;1591084279420;2;02/06/2020 09:51:19;18755;2;questionnaire-89vf;;5268284;5a9bb11435237b0001129a35;1483735;;complete;;5ed5fde7cee909000a0ef06e;computer;Desktop or Laptop;Windows 10;Chrome 83.0.4103.61;1600x900;1586x805;after demographic;demographic;4;BRAC1_horiLL_1st300;after consent;after demographic;Task done;country;Poland
10;1591084280987;02/06/2020 07:51:20;1591084279420;2;02/06/2020 09:51:19;18755;2;questionnaire-89vf;;5268284;5a9bb11435237b0001129a35;1483735;;complete;;5ed5fde7cee909000a0ef06e;computer;Desktop or Laptop;Windows 10;Chrome 83.0.4103.61;1600x900;1586x805;after demographic;demographic;4;BRAC1_horiLL_1st300;after consent;after demographic;Task done;education;Some university/higher education but no degree
11;1591084280987;02/06/2020 07:51:20;1591084279420;2;02/06/2020 09:51:19;18755;2;questionnaire-89vf;;5268284;5a9bb11435237b0001129a35;1483735;;complete;;5ed5fde7cee909000a0ef06e;computer;Desktop or Laptop;Windows 10;Chrome 83.0.4103.61;1600x900;1586x805;after demographic;demographic;4;BRAC1_horiLL_1st300;after consent;after demographic;Task done;education-quantised;4
12;1591084280987;02/06/2020 07:51:20;1591084279420;2;02/06/2020 09:51:19;18755;2;questionnaire-89vf;;5268284;5a9bb11435237b0001129a35;1483735;;complete;;5ed5fde7cee909000a0ef06e;computer;Desktop or Laptop;Windows 10;Chrome 83.0.4103.61;1600x900;1586x805;after demographic;demographic;4;BRAC1_horiLL_1st300;after consent;after demographic;Task done;psyKnowledge;Not at all
13;1591084280987;02/06/2020 07:51:20;1591084279421;2;02/06/2020 09:51:19;18755;2;questionnaire-89vf;;5268284;5a9bb11435237b0001129a35;1483735;;complete;;5ed5fde7cee909000a0ef06e;computer;Desktop or Laptop;Windows 10;Chrome 83.0.4103.61;1600x900;1586x805;after demographic;demographic;4;BRAC1_horiLL_1st300;after consent;after demographic;Task done;psyKnowledge-quantised;1
14;1591084280987;02/06/2020 07:51:20;1591084279421;2;02/06/2020 09:51:19;18755;2;questionnaire-89vf;;5268284;5a9bb11435237b0001129a35;1483735;;complete;;5ed5fde7cee909000a0ef06e;computer;Desktop or Laptop;Windows 10;Chrome 83.0.4103.61;1600x900;1586x805;after demographic;demographic;4;BRAC1_horiLL_1st300;after consent;after demographic;Task done;comment;
15;1591084280987;02/06/2020 07:51:20;1591084279421;2;02/06/2020 09:51:19;18755;2;questionnaire-89vf;;5268284;5a9bb11435237b0001129a35;1483735;;complete;;5ed5fde7cee909000a0ef06e;computer;Desktop or Laptop;Windows 10;Chrome 83.0.4103.61;1600x900;1586x805;after demographic;demographic;4;BRAC1_horiLL_1st300;after consent;after demographic;Task done;END QUESTIONNAIRE;40868
1;1591104156430;02/06/2020 13:22:36;1591104156367;1;02/06/2020 14:22:36;18755;2;questionnaire-89vf;;5273670;5e29b969130e4e000ca807eb;1485101;;complete;;5ed64cc8797eed0458d12dad;computer;Desktop or Laptop;Windows 10;Chrome 83.0.4103.61;1920x1080;1920x969;after demographic;demographic;4;BRAC1_horiLA_1st0;after consent;after demographic;Task done;BEGIN QUESTIONNAIRE;
2;1591104181418;02/06/2020 13:23:01;1591104181410;1;02/06/2020 14:23:01;18755;2;questionnaire-89vf;;5273670;5e29b969130e4e000ca807eb;1485101;;complete;;5ed64cc8797eed0458d12dad;computer;Desktop or Laptop;Windows 10;Chrome 83.0.4103.61;1920x1080;1903x969;after demographic;demographic;4;BRAC1_horiLA_1st0;after consent;after demographic;Task done;sex;female
3;1591104181559;02/06/2020 13:23:01;1591104181412;1;02/06/2020 14:23:01;18755;2;questionnaire-89vf;;5273670;5e29b969130e4e000ca807eb;1485101;;complete;;5ed64cc8797eed0458d12dad;computer;Desktop or Laptop;Windows 10;Chrome 83.0.4103.61;1920x1080;1903x969;after demographic;demographic;4;BRAC1_horiLA_1st0;after consent;after demographic;Task done;sex-quantised;2
4;1591104181559;02/06/2020 13:23:01;1591104181412;1;02/06/2020 14:23:01;18755;2;questionnaire-89vf;;5273670;5e29b969130e4e000ca807eb;1485101;;complete;;5ed64cc8797eed0458d12dad;computer;Desktop or Laptop;Windows 10;Chrome 83.0.4103.61;1920x1080;1903x969;after demographic;demographic;4;BRAC1_horiLA_1st0;after consent;after demographic;Task done;age;21
5;1591104181559;02/06/2020 13:23:01;1591104181412;1;02/06/2020 14:23:01;18755;2;questionnaire-89vf;;5273670;5e29b969130e4e000ca807eb;1485101;;complete;;5ed64cc8797eed0458d12dad;computer;Desktop or Laptop;Windows 10;Chrome 83.0.4103.61;1920x1080;1903x969;after demographic;demographic;4;BRAC1_horiLA_1st0;after consent;after demographic;Task done;response-2;right-handed
6;1591104181559;02/06/2020 13:23:01;1591104181412;1;02/06/2020 14:23:01;18755;2;questionnaire-89vf;;5273670;5e29b969130e4e000ca807eb;1485101;;complete;;5ed64cc8797eed0458d12dad;computer;Desktop or Laptop;Windows 10;Chrome 83.0.4103.61;1920x1080;1903x969;after demographic;demographic;4;BRAC1_horiLA_1st0;after consent;after demographic;Task done;response-2-quantised;1
7;1591104181559;02/06/2020 13:23:01;1591104181413;1;02/06/2020 14:23:01;18755;2;questionnaire-89vf;;5273670;5e29b969130e4e000ca807eb;1485101;;complete;;5ed64cc8797eed0458d12dad;computer;Desktop or Laptop;Windows 10;Chrome 83.0.4103.61;1920x1080;1903x969;after demographic;demographic;4;BRAC1_horiLA_1st0;after consent;after demographic;Task done;response-2-text;
8;1591104181559;02/06/2020 13:23:01;1591104181413;1;02/06/2020 14:23:01;18755;2;questionnaire-89vf;;5273670;5e29b969130e4e000ca807eb;1485101;;complete;;5ed64cc8797eed0458d12dad;computer;Desktop or Laptop;Windows 10;Chrome 83.0.4103.61;1920x1080;1903x969;after demographic;demographic;4;BRAC1_horiLA_1st0;after consent;after demographic;Task done;response-3;Portuguese
9;1591104181559;02/06/2020 13:23:01;1591104181413;1;02/06/2020 14:23:01;18755;2;questionnaire-89vf;;5273670;5e29b969130e4e000ca807eb;1485101;;complete;;5ed64cc8797eed0458d12dad;computer;Desktop or Laptop;Windows 10;Chrome 83.0.4103.61;1920x1080;1903x969;after demographic;demographic;4;BRAC1_horiLA_1st0;after consent;after demographic;Task done;country;Portugal
10;1591104181559;02/06/2020 13:23:01;1591104181413;1;02/06/2020 14:23:01;18755;2;questionnaire-89vf;;5273670;5e29b969130e4e000ca807eb;1485101;;complete;;5ed64cc8797eed0458d12dad;computer;Desktop or Laptop;Windows 10;Chrome 83.0.4103.61;1920x1080;1903x969;after demographic;demographic;4;BRAC1_horiLA_1st0;after consent;after demographic;Task done;education;Bachelor degree
11;1591104181559;02/06/2020 13:23:01;1591104181413;1;02/06/2020 14:23:01;18755;2;questionnaire-89vf;;5273670;5e29b969130e4e000ca807eb;1485101;;complete;;5ed64cc8797eed0458d12dad;computer;Desktop or Laptop;Windows 10;Chrome 83.0.4103.61;1920x1080;1903x969;after demographic;demographic;4;BRAC1_horiLA_1st0;after consent;after demographic;Task done;education-quantised;5
12;1591104181559;02/06/2020 13:23:01;1591104181413;1;02/06/2020 14:23:01;18755;2;questionnaire-89vf;;5273670;5e29b969130e4e000ca807eb;1485101;;complete;;5ed64cc8797eed0458d12dad;computer;Desktop or Laptop;Windows 10;Chrome 83.0.4103.61;1920x1080;1903x969;after demographic;demographic;4;BRAC1_horiLA_1st0;after consent;after demographic;Task done;psyKnowledge;Not at all
13;1591104181559;02/06/2020 13:23:01;1591104181413;1;02/06/2020 14:23:01;18755;2;questionnaire-89vf;;5273670;5e29b969130e4e000ca807eb;1485101;;complete;;5ed64cc8797eed0458d12dad;computer;Desktop or Laptop;Windows 10;Chrome 83.0.4103.61;1920x1080;1903x969;after demographic;demographic;4;BRAC1_horiLA_1st0;after consent;after demographic;Task done;psyKnowledge-quantised;1
14;1591104181559;02/06/2020 13:23:01;1591104181413;1;02/06/2020 14:23:01;18755;2;questionnaire-89vf;;5273670;5e29b969130e4e000ca807eb;1485101;;complete;;5ed64cc8797eed0458d12dad;computer;Desktop or Laptop;Windows 10;Chrome 83.0.4103.61;1920x1080;1903x969;after demographic;demographic;4;BRAC1_horiLA_1st0;after consent;after demographic;Task done;comment;
15;1591104181559;02/06/2020 13:23:01;1591104181414;1;02/06/2020 14:23:01;18755;2;questionnaire-89vf;;5273670;5e29b969130e4e000ca807eb;1485101;;complete;;5ed64cc8797eed0458d12dad;computer;Desktop or Laptop;Windows 10;Chrome 83.0.4103.61;1920x1080;1903x969;after demographic;demographic;4;BRAC1_horiLA_1st0;after consent;after demographic;Task done;END QUESTIONNAIRE;25048
1;1591104217589;02/06/2020 13:23:37;1591104219482;2;02/06/2020 15:23:39;18755;2;questionnaire-89vf;;5273687;5c55c7cb9b583c000159f790;1485110;;complete;;5ed64cc648cb0e064e32840f;computer;Desktop or Laptop;Windows 8.1;Chrome 83.0.4103.61;1366x768;1366x657;after demographic;demographic;4;BRAC1_vertLA_1st300;after consent;after demographic;Task done;BEGIN QUESTIONNAIRE;
2;1591104280110;02/06/2020 13:24:40;1591104282035;2;02/06/2020 15:24:42;18755;2;questionnaire-89vf;;5273687;5c55c7cb9b583c000159f790;1485110;;complete;;5ed64cc648cb0e064e32840f;computer;Desktop or Laptop;Windows 8.1;Chrome 83.0.4103.61;1366x768;1349x657;after demographic;demographic;4;BRAC1_vertLA_1st300;after consent;after demographic;Task done;sex;female
3;1591104280831;02/06/2020 13:24:40;1591104282037;2;02/06/2020 15:24:42;18755;2;questionnaire-89vf;;5273687;5c55c7cb9b583c000159f790;1485110;;complete;;5ed64cc648cb0e064e32840f;computer;Desktop or Laptop;Windows 8.1;Chrome 83.0.4103.61;1366x768;1349x657;after demographic;demographic;4;BRAC1_vertLA_1st300;after consent;after demographic;Task done;sex-quantised;2
4;1591104280831;02/06/2020 13:24:40;1591104282038;2;02/06/2020 15:24:42;18755;2;questionnaire-89vf;;5273687;5c55c7cb9b583c000159f790;1485110;;complete;;5ed64cc648cb0e064e32840f;computer;Desktop or Laptop;Windows 8.1;Chrome 83.0.4103.61;1366x768;1349x657;after demographic;demographic;4;BRAC1_vertLA_1st300;after consent;after demographic;Task done;age;25
5;1591104280831;02/06/2020 13:24:40;1591104282038;2;02/06/2020 15:24:42;18755;2;questionnaire-89vf;;5273687;5c55c7cb9b583c000159f790;1485110;;complete;;5ed64cc648cb0e064e32840f;computer;Desktop or Laptop;Windows 8.1;Chrome 83.0.4103.61;1366x768;1349x657;after demographic;demographic;4;BRAC1_vertLA_1st300;after consent;after demographic;Task done;response-2;right-handed
6;1591104280831;02/06/2020 13:24:40;1591104282038;2;02/06/2020 15:24:42;18755;2;questionnaire-89vf;;5273687;5c55c7cb9b583c000159f790;1485110;;complete;;5ed64cc648cb0e064e32840f;computer;Desktop or Laptop;Windows 8.1;Chrome 83.0.4103.61;1366x768;1349x657;after demographic;demographic;4;BRAC1_vertLA_1st300;after consent;after demographic;Task done;response-2-quantised;1
7;1591104280831;02/06/2020 13:24:40;1591104282039;2;02/06/2020 15:24:42;18755;2;questionnaire-89vf;;5273687;5c55c7cb9b583c000159f790;1485110;;complete;;5ed64cc648cb0e064e32840f;computer;Desktop or Laptop;Windows 8.1;Chrome 83.0.4103.61;1366x768;1349x657;after demographic;demographic;4;BRAC1_vertLA_1st300;after consent;after demographic;Task done;response-2-text;
8;1591104280831;02/06/2020 13:24:40;1591104282039;2;02/06/2020 15:24:42;18755;2;questionnaire-89vf;;5273687;5c55c7cb9b583c000159f790;1485110;;complete;;5ed64cc648cb0e064e32840f;computer;Desktop or Laptop;Windows 8.1;Chrome 83.0.4103.61;1366x768;1349x657;after demographic;demographic;4;BRAC1_vertLA_1st300;after consent;after demographic;Task done;response-3;Polish
9;1591104280831;02/06/2020 13:24:40;1591104282039;2;02/06/2020 15:24:42;18755;2;questionnaire-89vf;;5273687;5c55c7cb9b583c000159f790;1485110;;complete;;5ed64cc648cb0e064e32840f;computer;Desktop or Laptop;Windows 8.1;Chrome 83.0.4103.61;1366x768;1349x657;after demographic;demographic;4;BRAC1_vertLA_1st300;after consent;after demographic;Task done;country;Poland
10;1591104280831;02/06/2020 13:24:40;1591104282039;2;02/06/2020 15:24:42;18755;2;questionnaire-89vf;;5273687;5c55c7cb9b583c000159f790;1485110;;complete;;5ed64cc648cb0e064e32840f;computer;Desktop or Laptop;Windows 8.1;Chrome 83.0.4103.61;1366x768;1349x657;after demographic;demographic;4;BRAC1_vertLA_1st300;after consent;after demographic;Task done;education;Some university/higher education but no degree
11;1591104280831;02/06/2020 13:24:40;1591104282039;2;02/06/2020 15:24:42;18755;2;questionnaire-89vf;;5273687;5c55c7cb9b583c000159f790;1485110;;complete;;5ed64cc648cb0e064e32840f;computer;Desktop or Laptop;Windows 8.1;Chrome 83.0.4103.61;1366x768;1349x657;after demographic;demographic;4;BRAC1_vertLA_1st300;after consent;after demographic;Task done;education-quantised;4
12;1591104280831;02/06/2020 13:24:40;1591104282040;2;02/06/2020 15:24:42;18755;2;questionnaire-89vf;;5273687;5c55c7cb9b583c000159f790;1485110;;complete;;5ed64cc648cb0e064e32840f;computer;Desktop or Laptop;Windows 8.1;Chrome 83.0.4103.61;1366x768;1349x657;after demographic;demographic;4;BRAC1_vertLA_1st300;after consent;after demographic;Task done;psyKnowledge;Not at all
13;1591104280831;02/06/2020 13:24:40;1591104282040;2;02/06/2020 15:24:42;18755;2;questionnaire-89vf;;5273687;5c55c7cb9b583c000159f790;1485110;;complete;;5ed64cc648cb0e064e32840f;computer;Desktop or Laptop;Windows 8.1;Chrome 83.0.4103.61;1366x768;1349x657;after demographic;demographic;4;BRAC1_vertLA_1st300;after consent;after demographic;Task done;psyKnowledge-quantised;1
14;1591104280831;02/06/2020 13:24:40;1591104282040;2;02/06/2020 15:24:42;18755;2;questionnaire-89vf;;5273687;5c55c7cb9b583c000159f790;1485110;;complete;;5ed64cc648cb0e064e32840f;computer;Desktop or Laptop;Windows 8.1;Chrome 83.0.4103.61;1366x768;1349x657;after demographic;demographic;4;BRAC1_vertLA_1st300;after consent;after demographic;Task done;comment;
15;1591104280831;02/06/2020 13:24:40;1591104282040;2;02/06/2020 15:24:42;18755;2;questionnaire-89vf;;5273687;5c55c7cb9b583c000159f790;1485110;;complete;;5ed64cc648cb0e064e32840f;computer;Desktop or Laptop;Windows 8.1;Chrome 83.0.4103.61;1366x768;1349x657;after demographic;demographic;4;BRAC1_vertLA_1st300;after consent;after demographic;Task done;END QUESTIONNAIRE;62559
1;1591104252922;02/06/2020 13:24:12;1591104241990;2;02/06/2020 15:24:01;18755;2;questionnaire-89vf;;5273694;5ec829e78fd0f02dab19a6b8;1485102;;complete;;5ed64cc665948605cdb0ab19;computer;Desktop or Laptop;Windows 10;Chrome 83.0.4103.61;1920x1080;1920x969;after demographic;demographic;4;BRAC1_vertLL_1st0;after consent;after demographic;Task done;BEGIN QUESTIONNAIRE;
2;1591104283740;02/06/2020 13:24:43;1591104272857;2;02/06/2020 15:24:32;18755;2;questionnaire-89vf;;5273694;5ec829e78fd0f02dab19a6b8;1485102;;complete;;5ed64cc665948605cdb0ab19;computer;Desktop or Laptop;Windows 10;Chrome 83.0.4103.61;1920x1080;1903x969;after demographic;demographic;4;BRAC1_vertLL_1st0;after consent;after demographic;Task done;sex;male
3;1591104283833;02/06/2020 13:24:43;1591104272860;2;02/06/2020 15:24:32;18755;2;questionnaire-89vf;;5273694;5ec829e78fd0f02dab19a6b8;1485102;;complete;;5ed64cc665948605cdb0ab19;computer;Desktop or Laptop;Windows 10;Chrome 83.0.4103.61;1920x1080;1903x969;after demographic;demographic;4;BRAC1_vertLL_1st0;after consent;after demographic;Task done;sex-quantised;1
4;1591104283833;02/06/2020 13:24:43;1591104272860;2;02/06/2020 15:24:32;18755;2;questionnaire-89vf;;5273694;5ec829e78fd0f02dab19a6b8;1485102;;complete;;5ed64cc665948605cdb0ab19;computer;Desktop or Laptop;Windows 10;Chrome 83.0.4103.61;1920x1080;1903x969;after demographic;demographic;4;BRAC1_vertLL_1st0;after consent;after demographic;Task done;age;19
5;1591104283833;02/06/2020 13:24:43;1591104272860;2;02/06/2020 15:24:32;18755;2;questionnaire-89vf;;5273694;5ec829e78fd0f02dab19a6b8;1485102;;complete;;5ed64cc665948605cdb0ab19;computer;Desktop or Laptop;Windows 10;Chrome 83.0.4103.61;1920x1080;1903x969;after demographic;demographic;4;BRAC1_vertLL_1st0;after consent;after demographic;Task done;response-2;right-handed
6;1591104283833;02/06/2020 13:24:43;1591104272860;2;02/06/2020 15:24:32;18755;2;questionnaire-89vf;;5273694;5ec829e78fd0f02dab19a6b8;1485102;;complete;;5ed64cc665948605cdb0ab19;computer;Desktop or Laptop;Windows 10;Chrome 83.0.4103.61;1920x1080;1903x969;after demographic;demographic;4;BRAC1_vertLL_1st0;after consent;after demographic;Task done;response-2-quantised;1
7;1591104283833;02/06/2020 13:24:43;1591104272861;2;02/06/2020 15:24:32;18755;2;questionnaire-89vf;;5273694;5ec829e78fd0f02dab19a6b8;1485102;;complete;;5ed64cc665948605cdb0ab19;computer;Desktop or Laptop;Windows 10;Chrome 83.0.4103.61;1920x1080;1903x969;after demographic;demographic;4;BRAC1_vertLL_1st0;after consent;after demographic;Task done;response-2-text;
8;1591104283833;02/06/2020 13:24:43;1591104272861;2;02/06/2020 15:24:32;18755;2;questionnaire-89vf;;5273694;5ec829e78fd0f02dab19a6b8;1485102;;complete;;5ed64cc665948605cdb0ab19;computer;Desktop or Laptop;Windows 10;Chrome 83.0.4103.61;1920x1080;1903x969;after demographic;demographic;4;BRAC1_vertLL_1st0;after consent;after demographic;Task done;response-3;English
9;1591104283833;02/06/2020 13:24:43;1591104272861;2;02/06/2020 15:24:32;18755;2;questionnaire-89vf;;5273694;5ec829e78fd0f02dab19a6b8;1485102;;complete;;5ed64cc665948605cdb0ab19;computer;Desktop or Laptop;Windows 10;Chrome 83.0.4103.61;1920x1080;1903x969;after demographic;demographic;4;BRAC1_vertLL_1st0;after consent;after demographic;Task done;country;Alabama
10;1591104283833;02/06/2020 13:24:43;1591104272861;2;02/06/2020 15:24:32;18755;2;questionnaire-89vf;;5273694;5ec829e78fd0f02dab19a6b8;1485102;;complete;;5ed64cc665948605cdb0ab19;computer;Desktop or Laptop;Windows 10;Chrome 83.0.4103.61;1920x1080;1903x969;after demographic;demographic;4;BRAC1_vertLL_1st0;after consent;after demographic;Task done;education;High school diploma
11;1591104283833;02/06/2020 13:24:43;1591104272861;2;02/06/2020 15:24:32;18755;2;questionnaire-89vf;;5273694;5ec829e78fd0f02dab19a6b8;1485102;;complete;;5ed64cc665948605cdb0ab19;computer;Desktop or Laptop;Windows 10;Chrome 83.0.4103.61;1920x1080;1903x969;after demographic;demographic;4;BRAC1_vertLL_1st0;after consent;after demographic;Task done;education-quantised;3
12;1591104283833;02/06/2020 13:24:43;1591104272861;2;02/06/2020 15:24:32;18755;2;questionnaire-89vf;;5273694;5ec829e78fd0f02dab19a6b8;1485102;;complete;;5ed64cc665948605cdb0ab19;computer;Desktop or Laptop;Windows 10;Chrome 83.0.4103.61;1920x1080;1903x969;after demographic;demographic;4;BRAC1_vertLL_1st0;after consent;after demographic;Task done;psyKnowledge;Not at all
13;1591104283833;02/06/2020 13:24:43;1591104272862;2;02/06/2020 15:24:32;18755;2;questionnaire-89vf;;5273694;5ec829e78fd0f02dab19a6b8;1485102;;complete;;5ed64cc665948605cdb0ab19;computer;Desktop or Laptop;Windows 10;Chrome 83.0.4103.61;1920x1080;1903x969;after demographic;demographic;4;BRAC1_vertLL_1st0;after consent;after demographic;Task done;psyKnowledge-quantised;1
14;1591104283833;02/06/2020 13:24:43;1591104272862;2;02/06/2020 15:24:32;18755;2;questionnaire-89vf;;5273694;5ec829e78fd0f02dab19a6b8;1485102;;complete;;5ed64cc665948605cdb0ab19;computer;Desktop or Laptop;Windows 10;Chrome 83.0.4103.61;1920x1080;1903x969;after demographic;demographic;4;BRAC1_vertLL_1st0;after consent;after demographic;Task done;comment;
15;1591104283833;02/06/2020 13:24:43;1591104272862;2;02/06/2020 15:24:32;18755;2;questionnaire-89vf;;5273694;5ec829e78fd0f02dab19a6b8;1485102;;complete;;5ed64cc665948605cdb0ab19;computer;Desktop or Laptop;Windows 10;Chrome 83.0.4103.61;1920x1080;1903x969;after demographic;demographic;4;BRAC1_vertLL_1st0;after consent;after demographic;Task done;END QUESTIONNAIRE;30872
1;1591110324737;02/06/2020 15:05:24;1591110325035;-4;02/06/2020 11:05:25;18755;2;questionnaire-89vf;;5275518;5e815773285d3883ba2fbbcf;1485738;;complete;;5ed66570d31f61076a37987c;computer;Desktop or Laptop;Windows 10;Chrome 83.0.4103.61;1536x864;1536x754;after demographic;demographic;4;BRAC1_horiAL_1st300;after consent;after demographic;Task done;BEGIN QUESTIONNAIRE;
2;1591110411194;02/06/2020 15:06:51;1591110411531;-4;02/06/2020 11:06:51;18755;2;questionnaire-89vf;;5275518;5e815773285d3883ba2fbbcf;1485738;;complete;;5ed66570d31f61076a37987c;computer;Desktop or Laptop;Windows 10;Chrome 83.0.4103.61;1536x864;1519x754;after demographic;demographic;4;BRAC1_horiAL_1st300;after consent;after demographic;Task done;sex;male
3;1591110411370;02/06/2020 15:06:51;1591110411532;-4;02/06/2020 11:06:51;18755;2;questionnaire-89vf;;5275518;5e815773285d3883ba2fbbcf;1485738;;complete;;5ed66570d31f61076a37987c;computer;Desktop or Laptop;Windows 10;Chrome 83.0.4103.61;1536x864;1519x754;after demographic;demographic;4;BRAC1_horiAL_1st300;after consent;after demographic;Task done;sex-quantised;1
4;1591110411370;02/06/2020 15:06:51;1591110411532;-4;02/06/2020 11:06:51;18755;2;questionnaire-89vf;;5275518;5e815773285d3883ba2fbbcf;1485738;;complete;;5ed66570d31f61076a37987c;computer;Desktop or Laptop;Windows 10;Chrome 83.0.4103.61;1536x864;1519x754;after demographic;demographic;4;BRAC1_horiAL_1st300;after consent;after demographic;Task done;age;24
5;1591110411370;02/06/2020 15:06:51;1591110411532;-4;02/06/2020 11:06:51;18755;2;questionnaire-89vf;;5275518;5e815773285d3883ba2fbbcf;1485738;;complete;;5ed66570d31f61076a37987c;computer;Desktop or Laptop;Windows 10;Chrome 83.0.4103.61;1536x864;1519x754;after demographic;demographic;4;BRAC1_horiAL_1st300;after consent;after demographic;Task done;response-2;right-handed
6;1591110411370;02/06/2020 15:06:51;1591110411533;-4;02/06/2020 11:06:51;18755;2;questionnaire-89vf;;5275518;5e815773285d3883ba2fbbcf;1485738;;complete;;5ed66570d31f61076a37987c;computer;Desktop or Laptop;Windows 10;Chrome 83.0.4103.61;1536x864;1519x754;after demographic;demographic;4;BRAC1_horiAL_1st300;after consent;after demographic;Task done;response-2-quantised;1
7;1591110411370;02/06/2020 15:06:51;1591110411533;-4;02/06/2020 11:06:51;18755;2;questionnaire-89vf;;5275518;5e815773285d3883ba2fbbcf;1485738;;complete;;5ed66570d31f61076a37987c;computer;Desktop or Laptop;Windows 10;Chrome 83.0.4103.61;1536x864;1519x754;after demographic;demographic;4;BRAC1_horiAL_1st300;after consent;after demographic;Task done;response-2-text;
8;1591110411370;02/06/2020 15:06:51;1591110411533;-4;02/06/2020 11:06:51;18755;2;questionnaire-89vf;;5275518;5e815773285d3883ba2fbbcf;1485738;;complete;;5ed66570d31f61076a37987c;computer;Desktop or Laptop;Windows 10;Chrome 83.0.4103.61;1536x864;1519x754;after demographic;demographic;4;BRAC1_horiAL_1st300;after consent;after demographic;Task done;END QUESTIONNAIRE;86498
9;1591110411370;02/06/2020 15:06:51;1591110411533;-4;02/06/2020 11:06:51;18755;2;questionnaire-89vf;;5275518;5e815773285d3883ba2fbbcf;1485738;;complete;;5ed66570d31f61076a37987c;computer;Desktop or Laptop;Windows 10;Chrome 83.0.4103.61;1536x864;1519x754;after demographic;demographic;4;BRAC1_horiAL_1st300;after consent;after demographic;Task done;country;United States
10;1591110411370;02/06/2020 15:06:51;1591110411533;-4;02/06/2020 11:06:51;18755;2;questionnaire-89vf;;5275518;5e815773285d3883ba2fbbcf;1485738;;complete;;5ed66570d31f61076a37987c;computer;Desktop or Laptop;Windows 10;Chrome 83.0.4103.61;1536x864;1519x754;after demographic;demographic;4;BRAC1_horiAL_1st300;after consent;after demographic;Task done;education;Master degree
11;1591110411370;02/06/2020 15:06:51;1591110411533;-4;02/06/2020 11:06:51;18755;2;questionnaire-89vf;;5275518;5e815773285d3883ba2fbbcf;1485738;;complete;;5ed66570d31f61076a37987c;computer;Desktop or Laptop;Windows 10;Chrome 83.0.4103.61;1536x864;1519x754;after demographic;demographic;4;BRAC1_horiAL_1st300;after consent;after demographic;Task done;education-quantised;6
12;1591110411370;02/06/2020 15:06:51;1591110411533;-4;02/06/2020 11:06:51;18755;2;questionnaire-89vf;;5275518;5e815773285d3883ba2fbbcf;1485738;;complete;;5ed66570d31f61076a37987c;computer;Desktop or Laptop;Windows 10;Chrome 83.0.4103.61;1536x864;1519x754;after demographic;demographic;4;BRAC1_horiAL_1st300;after consent;after demographic;Task done;psyKnowledge;I've studied at least one of these disciplines (school or university)
13;1591110411370;02/06/2020 15:06:51;1591110411533;-4;02/06/2020 11:06:51;18755;2;questionnaire-89vf;;5275518;5e815773285d3883ba2fbbcf;1485738;;complete;;5ed66570d31f61076a37987c;computer;Desktop or Laptop;Windows 10;Chrome 83.0.4103.61;1536x864;1519x754;after demographic;demographic;4;BRAC1_horiAL_1st300;after consent;after demographic;Task done;psyKnowledge-quantised;3
14;1591110411370;02/06/2020 15:06:51;1591110411533;-4;02/06/2020 11:06:51;18755;2;questionnaire-89vf;;5275518;5e815773285d3883ba2fbbcf;1485738;;complete;;5ed66570d31f61076a37987c;computer;Desktop or Laptop;Windows 10;Chrome 83.0.4103.61;1536x864;1519x754;after demographic;demographic;4;BRAC1_horiAL_1st300;after consent;after demographic;Task done;comment;I received a minor in psychology in undergrad, not sure if you want to count that as a degree or just studied the discipline
15;1591110411370;02/06/2020 15:06:51;1591110411533;-4;02/06/2020 11:06:51;18755;2;questionnaire-89vf;;5275518;5e815773285d3883ba2fbbcf;1485738;;complete;;5ed66570d31f61076a37987c;computer;Desktop or Laptop;Windows 10;Chrome 83.0.4103.61;1536x864;1519x754;after demographic;demographic;4;BRAC1_horiAL_1st300;after consent;after demographic;Task done;response-3;English
1;1591110779242;02/06/2020 15:12:59;1591110779023;2;02/06/2020 17:12:59;18755;2;questionnaire-89vf;;5275697;5e94f775cb8df5376b30b363;1485766;;complete;;5ed66570885bd606c71f261e;computer;Desktop or Laptop;Windows 10;Chrome 83.0.4103.61;1920x1080;1920x979;after demographic;demographic;4;BRAC1_horiLL_1st0;after consent;after demographic;Task done;BEGIN QUESTIONNAIRE;
2;1591110834129;02/06/2020 15:13:54;1591110833754;2;02/06/2020 17:13:53;18755;2;questionnaire-89vf;;5275697;5e94f775cb8df5376b30b363;1485766;;complete;;5ed66570885bd606c71f261e;computer;Desktop or Laptop;Windows 10;Chrome 83.0.4103.61;1920x1080;1903x979;after demographic;demographic;4;BRAC1_horiLL_1st0;after consent;after demographic;Task done;sex;male
3;1591110834207;02/06/2020 15:13:54;1591110833756;2;02/06/2020 17:13:53;18755;2;questionnaire-89vf;;5275697;5e94f775cb8df5376b30b363;1485766;;complete;;5ed66570885bd606c71f261e;computer;Desktop or Laptop;Windows 10;Chrome 83.0.4103.61;1920x1080;1903x979;after demographic;demographic;4;BRAC1_horiLL_1st0;after consent;after demographic;Task done;sex-quantised;1
4;1591110834207;02/06/2020 15:13:54;1591110833756;2;02/06/2020 17:13:53;18755;2;questionnaire-89vf;;5275697;5e94f775cb8df5376b30b363;1485766;;complete;;5ed66570885bd606c71f261e;computer;Desktop or Laptop;Windows 10;Chrome 83.0.4103.61;1920x1080;1903x979;after demographic;demographic;4;BRAC1_horiLL_1st0;after consent;after demographic;Task done;age;20
5;1591110834207;02/06/2020 15:13:54;1591110833756;2;02/06/2020 17:13:53;18755;2;questionnaire-89vf;;5275697;5e94f775cb8df5376b30b363;1485766;;complete;;5ed66570885bd606c71f261e;computer;Desktop or Laptop;Windows 10;Chrome 83.0.4103.61;1920x1080;1903x979;after demographic;demographic;4;BRAC1_horiLL_1st0;after consent;after demographic;Task done;response-2;right-handed
6;1591110834207;02/06/2020 15:13:54;1591110833756;2;02/06/2020 17:13:53;18755;2;questionnaire-89vf;;5275697;5e94f775cb8df5376b30b363;1485766;;complete;;5ed66570885bd606c71f261e;computer;Desktop or Laptop;Windows 10;Chrome 83.0.4103.61;1920x1080;1903x979;after demographic;demographic;4;BRAC1_horiLL_1st0;after consent;after demographic;Task done;response-2-quantised;1
7;1591110834207;02/06/2020 15:13:54;1591110833757;2;02/06/2020 17:13:53;18755;2;questionnaire-89vf;;5275697;5e94f775cb8df5376b30b363;1485766;;complete;;5ed66570885bd606c71f261e;computer;Desktop or Laptop;Windows 10;Chrome 83.0.4103.61;1920x1080;1903x979;after demographic;demographic;4;BRAC1_horiLL_1st0;after consent;after demographic;Task done;response-2-text;
8;1591110834207;02/06/2020 15:13:54;1591110833757;2;02/06/2020 17:13:53;18755;2;questionnaire-89vf;;5275697;5e94f775cb8df5376b30b363;1485766;;complete;;5ed66570885bd606c71f261e;computer;Desktop or Laptop;Windows 10;Chrome 83.0.4103.61;1920x1080;1903x979;after demographic;demographic;4;BRAC1_horiLL_1st0;after consent;after demographic;Task done;response-3;Polish
9;1591110834207;02/06/2020 15:13:54;1591110833757;2;02/06/2020 17:13:53;18755;2;questionnaire-89vf;;5275697;5e94f775cb8df5376b30b363;1485766;;complete;;5ed66570885bd606c71f261e;computer;Desktop or Laptop;Windows 10;Chrome 83.0.4103.61;1920x1080;1903x979;after demographic;demographic;4;BRAC1_horiLL_1st0;after consent;after demographic;Task done;country;Poland
10;1591110834207;02/06/2020 15:13:54;1591110833757;2;02/06/2020 17:13:53;18755;2;questionnaire-89vf;;5275697;5e94f775cb8df5376b30b363;1485766;;complete;;5ed66570885bd606c71f261e;computer;Desktop or Laptop;Windows 10;Chrome 83.0.4103.61;1920x1080;1903x979;after demographic;demographic;4;BRAC1_horiLL_1st0;after consent;after demographic;Task done;education;Some high school but no diploma
11;1591110834207;02/06/2020 15:13:54;1591110833757;2;02/06/2020 17:13:53;18755;2;questionnaire-89vf;;5275697;5e94f775cb8df5376b30b363;1485766;;complete;;5ed66570885bd606c71f261e;computer;Desktop or Laptop;Windows 10;Chrome 83.0.4103.61;1920x1080;1903x979;after demographic;demographic;4;BRAC1_horiLL_1st0;after consent;after demographic;Task done;education-quantised;2
12;1591110834207;02/06/2020 15:13:54;1591110833757;2;02/06/2020 17:13:53;18755;2;questionnaire-89vf;;5275697;5e94f775cb8df5376b30b363;1485766;;complete;;5ed66570885bd606c71f261e;computer;Desktop or Laptop;Windows 10;Chrome 83.0.4103.61;1920x1080;1903x979;after demographic;demographic;4;BRAC1_horiLL_1st0;after consent;after demographic;Task done;comment;
13;1591110834207;02/06/2020 15:13:54;1591110833758;2;02/06/2020 17:13:53;18755;2;questionnaire-89vf;;5275697;5e94f775cb8df5376b30b363;1485766;;complete;;5ed66570885bd606c71f261e;computer;Desktop or Laptop;Windows 10;Chrome 83.0.4103.61;1920x1080;1903x979;after demographic;demographic;4;BRAC1_horiLL_1st0;after consent;after demographic;Task done;END QUESTIONNAIRE;54735
1;1591104588687;02/06/2020 13:29:48;1591104589326;1;02/06/2020 14:29:49;18755;2;questionnaire-89vf;;5273793;5d0a1cd4561a350001d62ab3;1485100;;complete;;5ed64cc6460b760589a6a096;computer;Desktop or Laptop;Windows 10;Chrome 81.0.4044.138;2560x1440;2560x1440;after demographic;demographic;4;BRAC1_horiLA_1st300;after consent;after demographic;Task done;BEGIN QUESTIONNAIRE;
2;1591104669950;02/06/2020 13:31:09;1591104670626;1;02/06/2020 14:31:10;18755;2;questionnaire-89vf;;5273793;5d0a1cd4561a350001d62ab3;1485100;;complete;;5ed64cc6460b760589a6a096;computer;Desktop or Laptop;Windows 10;Chrome 81.0.4044.138;2560x1440;2560x1440;after demographic;demographic;4;BRAC1_horiLA_1st300;after consent;after demographic;Task done;sex;male
3;1591104670028;02/06/2020 13:31:10;1591104670627;1;02/06/2020 14:31:10;18755;2;questionnaire-89vf;;5273793;5d0a1cd4561a350001d62ab3;1485100;;complete;;5ed64cc6460b760589a6a096;computer;Desktop or Laptop;Windows 10;Chrome 81.0.4044.138;2560x1440;2560x1440;after demographic;demographic;4;BRAC1_horiLA_1st300;after consent;after demographic;Task done;sex-quantised;1
4;1591104670028;02/06/2020 13:31:10;1591104670627;1;02/06/2020 14:31:10;18755;2;questionnaire-89vf;;5273793;5d0a1cd4561a350001d62ab3;1485100;;complete;;5ed64cc6460b760589a6a096;computer;Desktop or Laptop;Windows 10;Chrome 81.0.4044.138;2560x1440;2560x1440;after demographic;demographic;4;BRAC1_horiLA_1st300;after consent;after demographic;Task done;age;23
5;1591104670028;02/06/2020 13:31:10;1591104670627;1;02/06/2020 14:31:10;18755;2;questionnaire-89vf;;5273793;5d0a1cd4561a350001d62ab3;1485100;;complete;;5ed64cc6460b760589a6a096;computer;Desktop or Laptop;Windows 10;Chrome 81.0.4044.138;2560x1440;2560x1440;after demographic;demographic;4;BRAC1_horiLA_1st300;after consent;after demographic;Task done;response-2;right-handed
6;1591104670028;02/06/2020 13:31:10;1591104670627;1;02/06/2020 14:31:10;18755;2;questionnaire-89vf;;5273793;5d0a1cd4561a350001d62ab3;1485100;;complete;;5ed64cc6460b760589a6a096;computer;Desktop or Laptop;Windows 10;Chrome 81.0.4044.138;2560x1440;2560x1440;after demographic;demographic;4;BRAC1_horiLA_1st300;after consent;after demographic;Task done;response-2-quantised;1
7;1591104670028;02/06/2020 13:31:10;1591104670627;1;02/06/2020 14:31:10;18755;2;questionnaire-89vf;;5273793;5d0a1cd4561a350001d62ab3;1485100;;complete;;5ed64cc6460b760589a6a096;computer;Desktop or Laptop;Windows 10;Chrome 81.0.4044.138;2560x1440;2560x1440;after demographic;demographic;4;BRAC1_horiLA_1st300;after consent;after demographic;Task done;response-2-text;
8;1591104670028;02/06/2020 13:31:10;1591104670628;1;02/06/2020 14:31:10;18755;2;questionnaire-89vf;;5273793;5d0a1cd4561a350001d62ab3;1485100;;complete;;5ed64cc6460b760589a6a096;computer;Desktop or Laptop;Windows 10;Chrome 81.0.4044.138;2560x1440;2560x1440;after demographic;demographic;4;BRAC1_horiLA_1st300;after consent;after demographic;Task done;END QUESTIONNAIRE;81302
9;1591104670028;02/06/2020 13:31:10;1591104670628;1;02/06/2020 14:31:10;18755;2;questionnaire-89vf;;5273793;5d0a1cd4561a350001d62ab3;1485100;;complete;;5ed64cc6460b760589a6a096;computer;Desktop or Laptop;Windows 10;Chrome 81.0.4044.138;2560x1440;2560x1440;after demographic;demographic;4;BRAC1_horiLA_1st300;after consent;after demographic;Task done;country;English
10;1591104670028;02/06/2020 13:31:10;1591104670628;1;02/06/2020 14:31:10;18755;2;questionnaire-89vf;;5273793;5d0a1cd4561a350001d62ab3;1485100;;complete;;5ed64cc6460b760589a6a096;computer;Desktop or Laptop;Windows 10;Chrome 81.0.4044.138;2560x1440;2560x1440;after demographic;demographic;4;BRAC1_horiLA_1st300;after consent;after demographic;Task done;education;Some university/higher education but no degree
11;1591104670028;02/06/2020 13:31:10;1591104670628;1;02/06/2020 14:31:10;18755;2;questionnaire-89vf;;5273793;5d0a1cd4561a350001d62ab3;1485100;;complete;;5ed64cc6460b760589a6a096;computer;Desktop or Laptop;Windows 10;Chrome 81.0.4044.138;2560x1440;2560x1440;after demographic;demographic;4;BRAC1_horiLA_1st300;after consent;after demographic;Task done;education-quantised;4
12;1591104670028;02/06/2020 13:31:10;1591104670628;1;02/06/2020 14:31:10;18755;2;questionnaire-89vf;;5273793;5d0a1cd4561a350001d62ab3;1485100;;complete;;5ed64cc6460b760589a6a096;computer;Desktop or Laptop;Windows 10;Chrome 81.0.4044.138;2560x1440;2560x1440;after demographic;demographic;4;BRAC1_horiLA_1st300;after consent;after demographic;Task done;psyKnowledge;Not at all
13;1591104670028;02/06/2020 13:31:10;1591104670628;1;02/06/2020 14:31:10;18755;2;questionnaire-89vf;;5273793;5d0a1cd4561a350001d62ab3;1485100;;complete;;5ed64cc6460b760589a6a096;computer;Desktop or Laptop;Windows 10;Chrome 81.0.4044.138;2560x1440;2560x1440;after demographic;demographic;4;BRAC1_horiLA_1st300;after consent;after demographic;Task done;psyKnowledge-quantised;1
14;1591104670028;02/06/2020 13:31:10;1591104670628;1;02/06/2020 14:31:10;18755;2;questionnaire-89vf;;5273793;5d0a1cd4561a350001d62ab3;1485100;;complete;;5ed64cc6460b760589a6a096;computer;Desktop or Laptop;Windows 10;Chrome 81.0.4044.138;2560x1440;2560x1440;after demographic;demographic;4;BRAC1_horiLA_1st300;after consent;after demographic;Task done;comment;
15;1591104670028;02/06/2020 13:31:10;1591104670628;1;02/06/2020 14:31:10;18755;2;questionnaire-89vf;;5273793;5d0a1cd4561a350001d62ab3;1485100;;complete;;5ed64cc6460b760589a6a096;computer;Desktop or Laptop;Windows 10;Chrome 81.0.4044.138;2560x1440;2560x1440;after demographic;demographic;4;BRAC1_horiLA_1st300;after consent;after demographic;Task done;response-3;English
1;1591103821890;02/06/2020 13:17:01;1591103821581;2;02/06/2020 15:17:01;18755;2;questionnaire-89vf;;5273587;5c02a0089649f9000153798b;1485099;;complete;;5ed64cc8a7c31c05d759b013;computer;Desktop or Laptop;Mac OS 10.15.4;Chrome 83.0.4103.61;1280x800;1280x689;after demographic;demographic;4;BRAC1_vertAA_1st0;after consent;after demographic;Task done;BEGIN QUESTIONNAIRE;
2;1591103844944;02/06/2020 13:17:24;1591103844877;2;02/06/2020 15:17:24;18755;2;questionnaire-89vf;;5273587;5c02a0089649f9000153798b;1485099;;complete;;5ed64cc8a7c31c05d759b013;computer;Desktop or Laptop;Mac OS 10.15.4;Chrome 83.0.4103.61;1280x800;1280x689;after demographic;demographic;4;BRAC1_vertAA_1st0;after consent;after demographic;Task done;sex;male
3;1591103845069;02/06/2020 13:17:25;1591103844879;2;02/06/2020 15:17:24;18755;2;questionnaire-89vf;;5273587;5c02a0089649f9000153798b;1485099;;complete;;5ed64cc8a7c31c05d759b013;computer;Desktop or Laptop;Mac OS 10.15.4;Chrome 83.0.4103.61;1280x800;1280x689;after demographic;demographic;4;BRAC1_vertAA_1st0;after consent;after demographic;Task done;sex-quantised;1
4;1591103845069;02/06/2020 13:17:25;1591103844879;2;02/06/2020 15:17:24;18755;2;questionnaire-89vf;;5273587;5c02a0089649f9000153798b;1485099;;complete;;5ed64cc8a7c31c05d759b013;computer;Desktop or Laptop;Mac OS 10.15.4;Chrome 83.0.4103.61;1280x800;1280x689;after demographic;demographic;4;BRAC1_vertAA_1st0;after consent;after demographic;Task done;age;23
5;1591103845069;02/06/2020 13:17:25;1591103844879;2;02/06/2020 15:17:24;18755;2;questionnaire-89vf;;5273587;5c02a0089649f9000153798b;1485099;;complete;;5ed64cc8a7c31c05d759b013;computer;Desktop or Laptop;Mac OS 10.15.4;Chrome 83.0.4103.61;1280x800;1280x689;after demographic;demographic;4;BRAC1_vertAA_1st0;after consent;after demographic;Task done;response-2;right-handed
6;1591103845069;02/06/2020 13:17:25;1591103844879;2;02/06/2020 15:17:24;18755;2;questionnaire-89vf;;5273587;5c02a0089649f9000153798b;1485099;;complete;;5ed64cc8a7c31c05d759b013;computer;Desktop or Laptop;Mac OS 10.15.4;Chrome 83.0.4103.61;1280x800;1280x689;after demographic;demographic;4;BRAC1_vertAA_1st0;after consent;after demographic;Task done;response-2-quantised;1
7;1591103845069;02/06/2020 13:17:25;1591103844879;2;02/06/2020 15:17:24;18755;2;questionnaire-89vf;;5273587;5c02a0089649f9000153798b;1485099;;complete;;5ed64cc8a7c31c05d759b013;computer;Desktop or Laptop;Mac OS 10.15.4;Chrome 83.0.4103.61;1280x800;1280x689;after demographic;demographic;4;BRAC1_vertAA_1st0;after consent;after demographic;Task done;response-2-text;
8;1591103845069;02/06/2020 13:17:25;1591103844879;2;02/06/2020 15:17:24;18755;2;questionnaire-89vf;;5273587;5c02a0089649f9000153798b;1485099;;complete;;5ed64cc8a7c31c05d759b013;computer;Desktop or Laptop;Mac OS 10.15.4;Chrome 83.0.4103.61;1280x800;1280x689;after demographic;demographic;4;BRAC1_vertAA_1st0;after consent;after demographic;Task done;response-3;Hungary
9;1591103845069;02/06/2020 13:17:25;1591103844879;2;02/06/2020 15:17:24;18755;2;questionnaire-89vf;;5273587;5c02a0089649f9000153798b;1485099;;complete;;5ed64cc8a7c31c05d759b013;computer;Desktop or Laptop;Mac OS 10.15.4;Chrome 83.0.4103.61;1280x800;1280x689;after demographic;demographic;4;BRAC1_vertAA_1st0;after consent;after demographic;Task done;country;Hungary
10;1591103845069;02/06/2020 13:17:25;1591103844879;2;02/06/2020 15:17:24;18755;2;questionnaire-89vf;;5273587;5c02a0089649f9000153798b;1485099;;complete;;5ed64cc8a7c31c05d759b013;computer;Desktop or Laptop;Mac OS 10.15.4;Chrome 83.0.4103.61;1280x800;1280x689;after demographic;demographic;4;BRAC1_vertAA_1st0;after consent;after demographic;Task done;education;Bachelor degree
11;1591103845069;02/06/2020 13:17:25;1591103844879;2;02/06/2020 15:17:24;18755;2;questionnaire-89vf;;5273587;5c02a0089649f9000153798b;1485099;;complete;;5ed64cc8a7c31c05d759b013;computer;Desktop or Laptop;Mac OS 10.15.4;Chrome 83.0.4103.61;1280x800;1280x689;after demographic;demographic;4;BRAC1_vertAA_1st0;after consent;after demographic;Task done;education-quantised;5
12;1591103845069;02/06/2020 13:17:25;1591103844879;2;02/06/2020 15:17:24;18755;2;questionnaire-89vf;;5273587;5c02a0089649f9000153798b;1485099;;complete;;5ed64cc8a7c31c05d759b013;computer;Desktop or Laptop;Mac OS 10.15.4;Chrome 83.0.4103.61;1280x800;1280x689;after demographic;demographic;4;BRAC1_vertAA_1st0;after consent;after demographic;Task done;psyKnowledge;Not at all
13;1591103845069;02/06/2020 13:17:25;1591103844880;2;02/06/2020 15:17:24;18755;2;questionnaire-89vf;;5273587;5c02a0089649f9000153798b;1485099;;complete;;5ed64cc8a7c31c05d759b013;computer;Desktop or Laptop;Mac OS 10.15.4;Chrome 83.0.4103.61;1280x800;1280x689;after demographic;demographic;4;BRAC1_vertAA_1st0;after consent;after demographic;Task done;psyKnowledge-quantised;1
14;1591103845069;02/06/2020 13:17:25;1591103844880;2;02/06/2020 15:17:24;18755;2;questionnaire-89vf;;5273587;5c02a0089649f9000153798b;1485099;;complete;;5ed64cc8a7c31c05d759b013;computer;Desktop or Laptop;Mac OS 10.15.4;Chrome 83.0.4103.61;1280x800;1280x689;after demographic;demographic;4;BRAC1_vertAA_1st0;after consent;after demographic;Task done;comment;
15;1591103845069;02/06/2020 13:17:25;1591103844880;2;02/06/2020 15:17:24;18755;2;questionnaire-89vf;;5273587;5c02a0089649f9000153798b;1485099;;complete;;5ed64cc8a7c31c05d759b013;computer;Desktop or Laptop;Mac OS 10.15.4;Chrome 83.0.4103.61;1280x800;1280x689;after demographic;demographic;4;BRAC1_vertAA_1st0;after consent;after demographic;Task done;END QUESTIONNAIRE;23299
1;1591085774069;02/06/2020 08:16:14;1591085769681;2;02/06/2020 10:16:09;18755;2;questionnaire-89vf;;5268595;5ec65c58dba65c0177c434fe;1483759;;complete;;5ed60177b8c163000a4285f8;computer;Desktop or Laptop;Windows 10;Chrome 83.0.4103.61;1920x1080;1920x969;after demographic;demographic;4;BRAC1_vertAA_1st300;after consent;after demographic;Task done;BEGIN QUESTIONNAIRE;
2;1591085852182;02/06/2020 08:17:32;1591085848185;2;02/06/2020 10:17:28;18755;2;questionnaire-89vf;;5268595;5ec65c58dba65c0177c434fe;1483759;;complete;;5ed60177b8c163000a4285f8;computer;Desktop or Laptop;Windows 10;Chrome 83.0.4103.61;1920x1080;1903x969;after demographic;demographic;4;BRAC1_vertAA_1st300;after consent;after demographic;Task done;sex;male
3;1591085852276;02/06/2020 08:17:32;1591085848188;2;02/06/2020 10:17:28;18755;2;questionnaire-89vf;;5268595;5ec65c58dba65c0177c434fe;1483759;;complete;;5ed60177b8c163000a4285f8;computer;Desktop or Laptop;Windows 10;Chrome 83.0.4103.61;1920x1080;1903x969;after demographic;demographic;4;BRAC1_vertAA_1st300;after consent;after demographic;Task done;sex-quantised;1
4;1591085852276;02/06/2020 08:17:32;1591085848189;2;02/06/2020 10:17:28;18755;2;questionnaire-89vf;;5268595;5ec65c58dba65c0177c434fe;1483759;;complete;;5ed60177b8c163000a4285f8;computer;Desktop or Laptop;Windows 10;Chrome 83.0.4103.61;1920x1080;1903x969;after demographic;demographic;4;BRAC1_vertAA_1st300;after consent;after demographic;Task done;age;18
5;1591085852276;02/06/2020 08:17:32;1591085848189;2;02/06/2020 10:17:28;18755;2;questionnaire-89vf;;5268595;5ec65c58dba65c0177c434fe;1483759;;complete;;5ed60177b8c163000a4285f8;computer;Desktop or Laptop;Windows 10;Chrome 83.0.4103.61;1920x1080;1903x969;after demographic;demographic;4;BRAC1_vertAA_1st300;after consent;after demographic;Task done;response-2;right-handed
6;1591085852276;02/06/2020 08:17:32;1591085848189;2;02/06/2020 10:17:28;18755;2;questionnaire-89vf;;5268595;5ec65c58dba65c0177c434fe;1483759;;complete;;5ed60177b8c163000a4285f8;computer;Desktop or Laptop;Windows 10;Chrome 83.0.4103.61;1920x1080;1903x969;after demographic;demographic;4;BRAC1_vertAA_1st300;after consent;after demographic;Task done;response-2-quantised;1
7;1591085852276;02/06/2020 08:17:32;1591085848189;2;02/06/2020 10:17:28;18755;2;questionnaire-89vf;;5268595;5ec65c58dba65c0177c434fe;1483759;;complete;;5ed60177b8c163000a4285f8;computer;Desktop or Laptop;Windows 10;Chrome 83.0.4103.61;1920x1080;1903x969;after demographic;demographic;4;BRAC1_vertAA_1st300;after consent;after demographic;Task done;response-2-text;
8;1591085852276;02/06/2020 08:17:32;1591085848189;2;02/06/2020 10:17:28;18755;2;questionnaire-89vf;;5268595;5ec65c58dba65c0177c434fe;1483759;;complete;;5ed60177b8c163000a4285f8;computer;Desktop or Laptop;Windows 10;Chrome 83.0.4103.61;1920x1080;1903x969;after demographic;demographic;4;BRAC1_vertAA_1st300;after consent;after demographic;Task done;response-3;Polish
9;1591085852276;02/06/2020 08:17:32;1591085848189;2;02/06/2020 10:17:28;18755;2;questionnaire-89vf;;5268595;5ec65c58dba65c0177c434fe;1483759;;complete;;5ed60177b8c163000a4285f8;computer;Desktop or Laptop;Windows 10;Chrome 83.0.4103.61;1920x1080;1903x969;after demographic;demographic;4;BRAC1_vertAA_1st300;after consent;after demographic;Task done;country;Poland
10;1591085852276;02/06/2020 08:17:32;1591085848189;2;02/06/2020 10:17:28;18755;2;questionnaire-89vf;;5268595;5ec65c58dba65c0177c434fe;1483759;;complete;;5ed60177b8c163000a4285f8;computer;Desktop or Laptop;Windows 10;Chrome 83.0.4103.61;1920x1080;1903x969;after demographic;demographic;4;BRAC1_vertAA_1st300;after consent;after demographic;Task done;education;Some high school but no diploma
11;1591085852276;02/06/2020 08:17:32;1591085848189;2;02/06/2020 10:17:28;18755;2;questionnaire-89vf;;5268595;5ec65c58dba65c0177c434fe;1483759;;complete;;5ed60177b8c163000a4285f8;computer;Desktop or Laptop;Windows 10;Chrome 83.0.4103.61;1920x1080;1903x969;after demographic;demographic;4;BRAC1_vertAA_1st300;after consent;after demographic;Task done;education-quantised;2
12;1591085852276;02/06/2020 08:17:32;1591085848189;2;02/06/2020 10:17:28;18755;2;questionnaire-89vf;;5268595;5ec65c58dba65c0177c434fe;1483759;;complete;;5ed60177b8c163000a4285f8;computer;Desktop or Laptop;Windows 10;Chrome 83.0.4103.61;1920x1080;1903x969;after demographic;demographic;4;BRAC1_vertAA_1st300;after consent;after demographic;Task done;psyKnowledge;Not at all
13;1591085852276;02/06/2020 08:17:32;1591085848190;2;02/06/2020 10:17:28;18755;2;questionnaire-89vf;;5268595;5ec65c58dba65c0177c434fe;1483759;;complete;;5ed60177b8c163000a4285f8;computer;Desktop or Laptop;Windows 10;Chrome 83.0.4103.61;1920x1080;1903x969;after demographic;demographic;4;BRAC1_vertAA_1st300;after consent;after demographic;Task done;psyKnowledge-quantised;1
14;1591085852276;02/06/2020 08:17:32;1591085848190;2;02/06/2020 10:17:28;18755;2;questionnaire-89vf;;5268595;5ec65c58dba65c0177c434fe;1483759;;complete;;5ed60177b8c163000a4285f8;computer;Desktop or Laptop;Windows 10;Chrome 83.0.4103.61;1920x1080;1903x969;after demographic;demographic;4;BRAC1_vertAA_1st300;after consent;after demographic;Task done;comment;The most interesting study I've taken on Prolific so far :)
15;1591085852276;02/06/2020 08:17:32;1591085848190;2;02/06/2020 10:17:28;18755;2;questionnaire-89vf;;5268595;5ec65c58dba65c0177c434fe;1483759;;complete;;5ed60177b8c163000a4285f8;computer;Desktop or Laptop;Windows 10;Chrome 83.0.4103.61;1920x1080;1903x969;after demographic;demographic;4;BRAC1_vertAA_1st300;after consent;after demographic;Task done;END QUESTIONNAIRE;78510
1;1591085468281;02/06/2020 08:11:08;1591085468194;2;02/06/2020 10:11:08;18755;2;questionnaire-89vf;;5268527;5d81299125e6a40019e3c80d;1483739;;complete;;5ed5fde4aa77e519c3ff5a3f;computer;Desktop or Laptop;Mac OS 10.15.4;Safari 13.1;1280x800;1280x714;after demographic;demographic;4;BRAC1_horiAL_1st0;after consent;after demographic;Task done;BEGIN QUESTIONNAIRE;
2;1591085495172;02/06/2020 08:11:35;1591085495108;2;02/06/2020 10:11:35;18755;2;questionnaire-89vf;;5268527;5d81299125e6a40019e3c80d;1483739;;complete;;5ed5fde4aa77e519c3ff5a3f;computer;Desktop or Laptop;Mac OS 10.15.4;Safari 13.1;1280x800;1280x714;after demographic;demographic;4;BRAC1_horiAL_1st0;after consent;after demographic;Task done;sex;female
3;1591085495265;02/06/2020 08:11:35;1591085495110;2;02/06/2020 10:11:35;18755;2;questionnaire-89vf;;5268527;5d81299125e6a40019e3c80d;1483739;;complete;;5ed5fde4aa77e519c3ff5a3f;computer;Desktop or Laptop;Mac OS 10.15.4;Safari 13.1;1280x800;1280x714;after demographic;demographic;4;BRAC1_horiAL_1st0;after consent;after demographic;Task done;sex-quantised;2
4;1591085495265;02/06/2020 08:11:35;1591085495110;2;02/06/2020 10:11:35;18755;2;questionnaire-89vf;;5268527;5d81299125e6a40019e3c80d;1483739;;complete;;5ed5fde4aa77e519c3ff5a3f;computer;Desktop or Laptop;Mac OS 10.15.4;Safari 13.1;1280x800;1280x714;after demographic;demographic;4;BRAC1_horiAL_1st0;after consent;after demographic;Task done;age;33
5;1591085495265;02/06/2020 08:11:35;1591085495110;2;02/06/2020 10:11:35;18755;2;questionnaire-89vf;;5268527;5d81299125e6a40019e3c80d;1483739;;complete;;5ed5fde4aa77e519c3ff5a3f;computer;Desktop or Laptop;Mac OS 10.15.4;Safari 13.1;1280x800;1280x714;after demographic;demographic;4;BRAC1_horiAL_1st0;after consent;after demographic;Task done;response-2;right-handed
6;1591085495265;02/06/2020 08:11:35;1591085495110;2;02/06/2020 10:11:35;18755;2;questionnaire-89vf;;5268527;5d81299125e6a40019e3c80d;1483739;;complete;;5ed5fde4aa77e519c3ff5a3f;computer;Desktop or Laptop;Mac OS 10.15.4;Safari 13.1;1280x800;1280x714;after demographic;demographic;4;BRAC1_horiAL_1st0;after consent;after demographic;Task done;response-2-quantised;1
7;1591085495265;02/06/2020 08:11:35;1591085495111;2;02/06/2020 10:11:35;18755;2;questionnaire-89vf;;5268527;5d81299125e6a40019e3c80d;1483739;;complete;;5ed5fde4aa77e519c3ff5a3f;computer;Desktop or Laptop;Mac OS 10.15.4;Safari 13.1;1280x800;1280x714;after demographic;demographic;4;BRAC1_horiAL_1st0;after consent;after demographic;Task done;response-2-text;
8;1591085495265;02/06/2020 08:11:35;1591085495111;2;02/06/2020 10:11:35;18755;2;questionnaire-89vf;;5268527;5d81299125e6a40019e3c80d;1483739;;complete;;5ed5fde4aa77e519c3ff5a3f;computer;Desktop or Laptop;Mac OS 10.15.4;Safari 13.1;1280x800;1280x714;after demographic;demographic;4;BRAC1_horiAL_1st0;after consent;after demographic;Task done;END QUESTIONNAIRE;26917
9;1591085495265;02/06/2020 08:11:35;1591085495111;2;02/06/2020 10:11:35;18755;2;questionnaire-89vf;;5268527;5d81299125e6a40019e3c80d;1483739;;complete;;5ed5fde4aa77e519c3ff5a3f;computer;Desktop or Laptop;Mac OS 10.15.4;Safari 13.1;1280x800;1280x714;after demographic;demographic;4;BRAC1_horiAL_1st0;after consent;after demographic;Task done;country;france
10;1591085495265;02/06/2020 08:11:35;1591085495111;2;02/06/2020 10:11:35;18755;2;questionnaire-89vf;;5268527;5d81299125e6a40019e3c80d;1483739;;complete;;5ed5fde4aa77e519c3ff5a3f;computer;Desktop or Laptop;Mac OS 10.15.4;Safari 13.1;1280x800;1280x714;after demographic;demographic;4;BRAC1_horiAL_1st0;after consent;after demographic;Task done;education;Master degree
11;1591085495265;02/06/2020 08:11:35;1591085495111;2;02/06/2020 10:11:35;18755;2;questionnaire-89vf;;5268527;5d81299125e6a40019e3c80d;1483739;;complete;;5ed5fde4aa77e519c3ff5a3f;computer;Desktop or Laptop;Mac OS 10.15.4;Safari 13.1;1280x800;1280x714;after demographic;demographic;4;BRAC1_horiAL_1st0;after consent;after demographic;Task done;education-quantised;6
12;1591085495265;02/06/2020 08:11:35;1591085495111;2;02/06/2020 10:11:35;18755;2;questionnaire-89vf;;5268527;5d81299125e6a40019e3c80d;1483739;;complete;;5ed5fde4aa77e519c3ff5a3f;computer;Desktop or Laptop;Mac OS 10.15.4;Safari 13.1;1280x800;1280x714;after demographic;demographic;4;BRAC1_horiAL_1st0;after consent;after demographic;Task done;psyKnowledge;Not at all
13;1591085495265;02/06/2020 08:11:35;1591085495111;2;02/06/2020 10:11:35;18755;2;questionnaire-89vf;;5268527;5d81299125e6a40019e3c80d;1483739;;complete;;5ed5fde4aa77e519c3ff5a3f;computer;Desktop or Laptop;Mac OS 10.15.4;Safari 13.1;1280x800;1280x714;after demographic;demographic;4;BRAC1_horiAL_1st0;after consent;after demographic;Task done;psyKnowledge-quantised;1
14;1591085495265;02/06/2020 08:11:35;1591085495111;2;02/06/2020 10:11:35;18755;2;questionnaire-89vf;;5268527;5d81299125e6a40019e3c80d;1483739;;complete;;5ed5fde4aa77e519c3ff5a3f;computer;Desktop or Laptop;Mac OS 10.15.4;Safari 13.1;1280x800;1280x714;after demographic;demographic;4;BRAC1_horiAL_1st0;after consent;after demographic;Task done;comment;
15;1591085495265;02/06/2020 08:11:35;1591085495111;2;02/06/2020 10:11:35;18755;2;questionnaire-89vf;;5268527;5d81299125e6a40019e3c80d;1483739;;complete;;5ed5fde4aa77e519c3ff5a3f;computer;Desktop or Laptop;Mac OS 10.15.4;Safari 13.1;1280x800;1280x714;after demographic;demographic;4;BRAC1_horiAL_1st0;after consent;after demographic;Task done;response-3;english
1;1591084848083;02/06/2020 08:00:48;1591084850750;-5;02/06/2020 03:00:50;18755;2;questionnaire-89vf;;5268392;5d4a41890e604c00011ade8b;1483756;;complete;;5ed60117bc062100098c9a00;computer;Desktop or Laptop;Windows 7;Chrome 83.0.4103.61;1920x1080;1920x1032;after demographic;demographic;4;BRAC1_vertLL_1st0;after consent;after demographic;Task done;BEGIN QUESTIONNAIRE;
2;1591084874578;02/06/2020 08:01:14;1591084877245;-5;02/06/2020 03:01:17;18755;2;questionnaire-89vf;;5268392;5d4a41890e604c00011ade8b;1483756;;complete;;5ed60117bc062100098c9a00;computer;Desktop or Laptop;Windows 7;Chrome 83.0.4103.61;1920x1080;1903x1032;after demographic;demographic;4;BRAC1_vertLL_1st0;after consent;after demographic;Task done;sex;male
3;1591084874781;02/06/2020 08:01:14;1591084877247;-5;02/06/2020 03:01:17;18755;2;questionnaire-89vf;;5268392;5d4a41890e604c00011ade8b;1483756;;complete;;5ed60117bc062100098c9a00;computer;Desktop or Laptop;Windows 7;Chrome 83.0.4103.61;1920x1080;1903x1032;after demographic;demographic;4;BRAC1_vertLL_1st0;after consent;after demographic;Task done;sex-quantised;1
4;1591084874781;02/06/2020 08:01:14;1591084877247;-5;02/06/2020 03:01:17;18755;2;questionnaire-89vf;;5268392;5d4a41890e604c00011ade8b;1483756;;complete;;5ed60117bc062100098c9a00;computer;Desktop or Laptop;Windows 7;Chrome 83.0.4103.61;1920x1080;1903x1032;after demographic;demographic;4;BRAC1_vertLL_1st0;after consent;after demographic;Task done;age;24
5;1591084874781;02/06/2020 08:01:14;1591084877247;-5;02/06/2020 03:01:17;18755;2;questionnaire-89vf;;5268392;5d4a41890e604c00011ade8b;1483756;;complete;;5ed60117bc062100098c9a00;computer;Desktop or Laptop;Windows 7;Chrome 83.0.4103.61;1920x1080;1903x1032;after demographic;demographic;4;BRAC1_vertLL_1st0;after consent;after demographic;Task done;response-2;right-handed
6;1591084874781;02/06/2020 08:01:14;1591084877247;-5;02/06/2020 03:01:17;18755;2;questionnaire-89vf;;5268392;5d4a41890e604c00011ade8b;1483756;;complete;;5ed60117bc062100098c9a00;computer;Desktop or Laptop;Windows 7;Chrome 83.0.4103.61;1920x1080;1903x1032;after demographic;demographic;4;BRAC1_vertLL_1st0;after consent;after demographic;Task done;response-2-quantised;1
7;1591084874781;02/06/2020 08:01:14;1591084877248;-5;02/06/2020 03:01:17;18755;2;questionnaire-89vf;;5268392;5d4a41890e604c00011ade8b;1483756;;complete;;5ed60117bc062100098c9a00;computer;Desktop or Laptop;Windows 7;Chrome 83.0.4103.61;1920x1080;1903x1032;after demographic;demographic;4;BRAC1_vertLL_1st0;after consent;after demographic;Task done;response-2-text;
8;1591084874781;02/06/2020 08:01:14;1591084877248;-5;02/06/2020 03:01:17;18755;2;questionnaire-89vf;;5268392;5d4a41890e604c00011ade8b;1483756;;complete;;5ed60117bc062100098c9a00;computer;Desktop or Laptop;Windows 7;Chrome 83.0.4103.61;1920x1080;1903x1032;after demographic;demographic;4;BRAC1_vertLL_1st0;after consent;after demographic;Task done;response-3;English
9;1591084874781;02/06/2020 08:01:14;1591084877248;-5;02/06/2020 03:01:17;18755;2;questionnaire-89vf;;5268392;5d4a41890e604c00011ade8b;1483756;;complete;;5ed60117bc062100098c9a00;computer;Desktop or Laptop;Windows 7;Chrome 83.0.4103.61;1920x1080;1903x1032;after demographic;demographic;4;BRAC1_vertLL_1st0;after consent;after demographic;Task done;country;USA
10;1591084874781;02/06/2020 08:01:14;1591084877248;-5;02/06/2020 03:01:17;18755;2;questionnaire-89vf;;5268392;5d4a41890e604c00011ade8b;1483756;;complete;;5ed60117bc062100098c9a00;computer;Desktop or Laptop;Windows 7;Chrome 83.0.4103.61;1920x1080;1903x1032;after demographic;demographic;4;BRAC1_vertLL_1st0;after consent;after demographic;Task done;education;Bachelor degree
11;1591084874781;02/06/2020 08:01:14;1591084877248;-5;02/06/2020 03:01:17;18755;2;questionnaire-89vf;;5268392;5d4a41890e604c00011ade8b;1483756;;complete;;5ed60117bc062100098c9a00;computer;Desktop or Laptop;Windows 7;Chrome 83.0.4103.61;1920x1080;1903x1032;after demographic;demographic;4;BRAC1_vertLL_1st0;after consent;after demographic;Task done;education-quantised;5
12;1591084874781;02/06/2020 08:01:14;1591084877248;-5;02/06/2020 03:01:17;18755;2;questionnaire-89vf;;5268392;5d4a41890e604c00011ade8b;1483756;;complete;;5ed60117bc062100098c9a00;computer;Desktop or Laptop;Windows 7;Chrome 83.0.4103.61;1920x1080;1903x1032;after demographic;demographic;4;BRAC1_vertLL_1st0;after consent;after demographic;Task done;psyKnowledge;Not at all
13;1591084874781;02/06/2020 08:01:14;1591084877248;-5;02/06/2020 03:01:17;18755;2;questionnaire-89vf;;5268392;5d4a41890e604c00011ade8b;1483756;;complete;;5ed60117bc062100098c9a00;computer;Desktop or Laptop;Windows 7;Chrome 83.0.4103.61;1920x1080;1903x1032;after demographic;demographic;4;BRAC1_vertLL_1st0;after consent;after demographic;Task done;psyKnowledge-quantised;1
14;1591084874781;02/06/2020 08:01:14;1591084877249;-5;02/06/2020 03:01:17;18755;2;questionnaire-89vf;;5268392;5d4a41890e604c00011ade8b;1483756;;complete;;5ed60117bc062100098c9a00;computer;Desktop or Laptop;Windows 7;Chrome 83.0.4103.61;1920x1080;1903x1032;after demographic;demographic;4;BRAC1_vertLL_1st0;after consent;after demographic;Task done;comment;
15;1591084874781;02/06/2020 08:01:14;1591084877249;-5;02/06/2020 03:01:17;18755;2;questionnaire-89vf;;5268392;5d4a41890e604c00011ade8b;1483756;;complete;;5ed60117bc062100098c9a00;computer;Desktop or Laptop;Windows 7;Chrome 83.0.4103.61;1920x1080;1903x1032;after demographic;demographic;4;BRAC1_vertLL_1st0;after consent;after demographic;Task done;END QUESTIONNAIRE;26499
1;1591084637495;02/06/2020 07:57:17;1591084637443;2;02/06/2020 09:57:17;18755;2;questionnaire-89vf;;5268355;5e8dcc81e6686e035680594e;1483745;;complete;;5ed5fde234f26a19dc1377f2;computer;Desktop or Laptop;Windows XP;Chrome 49.0.2623.112;1280x800;1280x709;after demographic;demographic;4;BRAC1_horiLL_1st0;after consent;after demographic;Task done;BEGIN QUESTIONNAIRE;
2;1591084686374;02/06/2020 07:58:06;1591084686452;2;02/06/2020 09:58:06;18755;2;questionnaire-89vf;;5268355;5e8dcc81e6686e035680594e;1483745;;complete;;5ed5fde234f26a19dc1377f2;computer;Desktop or Laptop;Windows XP;Chrome 49.0.2623.112;1280x800;1263x709;after demographic;demographic;4;BRAC1_horiLL_1st0;after consent;after demographic;Task done;sex;female
3;1591084686499;02/06/2020 07:58:06;1591084686458;2;02/06/2020 09:58:06;18755;2;questionnaire-89vf;;5268355;5e8dcc81e6686e035680594e;1483745;;complete;;5ed5fde234f26a19dc1377f2;computer;Desktop or Laptop;Windows XP;Chrome 49.0.2623.112;1280x800;1263x709;after demographic;demographic;4;BRAC1_horiLL_1st0;after consent;after demographic;Task done;sex-quantised;2
4;1591084686499;02/06/2020 07:58:06;1591084686459;2;02/06/2020 09:58:06;18755;2;questionnaire-89vf;;5268355;5e8dcc81e6686e035680594e;1483745;;complete;;5ed5fde234f26a19dc1377f2;computer;Desktop or Laptop;Windows XP;Chrome 49.0.2623.112;1280x800;1263x709;after demographic;demographic;4;BRAC1_horiLL_1st0;after consent;after demographic;Task done;age;28
5;1591084686499;02/06/2020 07:58:06;1591084686459;2;02/06/2020 09:58:06;18755;2;questionnaire-89vf;;5268355;5e8dcc81e6686e035680594e;1483745;;complete;;5ed5fde234f26a19dc1377f2;computer;Desktop or Laptop;Windows XP;Chrome 49.0.2623.112;1280x800;1263x709;after demographic;demographic;4;BRAC1_horiLL_1st0;after consent;after demographic;Task done;response-2;left-handed
6;1591084686499;02/06/2020 07:58:06;1591084686459;2;02/06/2020 09:58:06;18755;2;questionnaire-89vf;;5268355;5e8dcc81e6686e035680594e;1483745;;complete;;5ed5fde234f26a19dc1377f2;computer;Desktop or Laptop;Windows XP;Chrome 49.0.2623.112;1280x800;1263x709;after demographic;demographic;4;BRAC1_horiLL_1st0;after consent;after demographic;Task done;response-2-quantised;2
7;1591084686499;02/06/2020 07:58:06;1591084686459;2;02/06/2020 09:58:06;18755;2;questionnaire-89vf;;5268355;5e8dcc81e6686e035680594e;1483745;;complete;;5ed5fde234f26a19dc1377f2;computer;Desktop or Laptop;Windows XP;Chrome 49.0.2623.112;1280x800;1263x709;after demographic;demographic;4;BRAC1_horiLL_1st0;after consent;after demographic;Task done;response-2-text;
8;1591084686499;02/06/2020 07:58:06;1591084686459;2;02/06/2020 09:58:06;18755;2;questionnaire-89vf;;5268355;5e8dcc81e6686e035680594e;1483745;;complete;;5ed5fde234f26a19dc1377f2;computer;Desktop or Laptop;Windows XP;Chrome 49.0.2623.112;1280x800;1263x709;after demographic;demographic;4;BRAC1_horiLL_1st0;after consent;after demographic;Task done;response-3;Polish
9;1591084686499;02/06/2020 07:58:06;1591084686459;2;02/06/2020 09:58:06;18755;2;questionnaire-89vf;;5268355;5e8dcc81e6686e035680594e;1483745;;complete;;5ed5fde234f26a19dc1377f2;computer;Desktop or Laptop;Windows XP;Chrome 49.0.2623.112;1280x800;1263x709;after demographic;demographic;4;BRAC1_horiLL_1st0;after consent;after demographic;Task done;country;Poland
10;1591084686499;02/06/2020 07:58:06;1591084686459;2;02/06/2020 09:58:06;18755;2;questionnaire-89vf;;5268355;5e8dcc81e6686e035680594e;1483745;;complete;;5ed5fde234f26a19dc1377f2;computer;Desktop or Laptop;Windows XP;Chrome 49.0.2623.112;1280x800;1263x709;after demographic;demographic;4;BRAC1_horiLL_1st0;after consent;after demographic;Task done;education;Master degree
11;1591084686499;02/06/2020 07:58:06;1591084686459;2;02/06/2020 09:58:06;18755;2;questionnaire-89vf;;5268355;5e8dcc81e6686e035680594e;1483745;;complete;;5ed5fde234f26a19dc1377f2;computer;Desktop or Laptop;Windows XP;Chrome 49.0.2623.112;1280x800;1263x709;after demographic;demographic;4;BRAC1_horiLL_1st0;after consent;after demographic;Task done;education-quantised;6
12;1591084686499;02/06/2020 07:58:06;1591084686459;2;02/06/2020 09:58:06;18755;2;questionnaire-89vf;;5268355;5e8dcc81e6686e035680594e;1483745;;complete;;5ed5fde234f26a19dc1377f2;computer;Desktop or Laptop;Windows XP;Chrome 49.0.2623.112;1280x800;1263x709;after demographic;demographic;4;BRAC1_horiLL_1st0;after consent;after demographic;Task done;psyKnowledge;Not at all
13;1591084686499;02/06/2020 07:58:06;1591084686460;2;02/06/2020 09:58:06;18755;2;questionnaire-89vf;;5268355;5e8dcc81e6686e035680594e;1483745;;complete;;5ed5fde234f26a19dc1377f2;computer;Desktop or Laptop;Windows XP;Chrome 49.0.2623.112;1280x800;1263x709;after demographic;demographic;4;BRAC1_horiLL_1st0;after consent;after demographic;Task done;psyKnowledge-quantised;1
14;1591084686499;02/06/2020 07:58:06;1591084686460;2;02/06/2020 09:58:06;18755;2;questionnaire-89vf;;5268355;5e8dcc81e6686e035680594e;1483745;;complete;;5ed5fde234f26a19dc1377f2;computer;Desktop or Laptop;Windows XP;Chrome 49.0.2623.112;1280x800;1263x709;after demographic;demographic;4;BRAC1_horiLL_1st0;after consent;after demographic;Task done;comment;Very interesting study for me
15;1591084686499;02/06/2020 07:58:06;1591084686460;2;02/06/2020 09:58:06;18755;2;questionnaire-89vf;;5268355;5e8dcc81e6686e035680594e;1483745;;complete;;5ed5fde234f26a19dc1377f2;computer;Desktop or Laptop;Windows XP;Chrome 49.0.2623.112;1280x800;1263x709;after demographic;demographic;4;BRAC1_horiLL_1st0;after consent;after demographic;Task done;END QUESTIONNAIRE;49018
1;1591083935622;02/06/2020 07:45:35;1591083935387;-5;02/06/2020 02:45:35;18755;2;questionnaire-89vf;;5268242;5ec040acbd55a509d7179ccd;1483731;;complete;;5ed5fde2dbd1bf04c77cfa7f;computer;Desktop or Laptop;Windows 10;Chrome 83.0.4103.61;1920x1080;1920x947;after demographic;demographic;4;BRAC1_vertAL_1st300;after consent;after demographic;Task done;BEGIN QUESTIONNAIRE;
2;1591084027166;02/06/2020 07:47:07;1591084027231;-5;02/06/2020 02:47:07;18755;2;questionnaire-89vf;;5268242;5ec040acbd55a509d7179ccd;1483731;;complete;;5ed5fde2dbd1bf04c77cfa7f;computer;Desktop or Laptop;Windows 10;Chrome 83.0.4103.61;1920x1080;1903x947;after demographic;demographic;4;BRAC1_vertAL_1st300;after consent;after demographic;Task done;sex;male
3;1591084027479;02/06/2020 07:47:07;1591084027232;-5;02/06/2020 02:47:07;18755;2;questionnaire-89vf;;5268242;5ec040acbd55a509d7179ccd;1483731;;complete;;5ed5fde2dbd1bf04c77cfa7f;computer;Desktop or Laptop;Windows 10;Chrome 83.0.4103.61;1920x1080;1903x947;after demographic;demographic;4;BRAC1_vertAL_1st300;after consent;after demographic;Task done;sex-quantised;1
4;1591084027479;02/06/2020 07:47:07;1591084027233;-5;02/06/2020 02:47:07;18755;2;questionnaire-89vf;;5268242;5ec040acbd55a509d7179ccd;1483731;;complete;;5ed5fde2dbd1bf04c77cfa7f;computer;Desktop or Laptop;Windows 10;Chrome 83.0.4103.61;1920x1080;1903x947;after demographic;demographic;4;BRAC1_vertAL_1st300;after consent;after demographic;Task done;age;23
5;1591084027479;02/06/2020 07:47:07;1591084027233;-5;02/06/2020 02:47:07;18755;2;questionnaire-89vf;;5268242;5ec040acbd55a509d7179ccd;1483731;;complete;;5ed5fde2dbd1bf04c77cfa7f;computer;Desktop or Laptop;Windows 10;Chrome 83.0.4103.61;1920x1080;1903x947;after demographic;demographic;4;BRAC1_vertAL_1st300;after consent;after demographic;Task done;response-2;right-handed
6;1591084027479;02/06/2020 07:47:07;1591084027233;-5;02/06/2020 02:47:07;18755;2;questionnaire-89vf;;5268242;5ec040acbd55a509d7179ccd;1483731;;complete;;5ed5fde2dbd1bf04c77cfa7f;computer;Desktop or Laptop;Windows 10;Chrome 83.0.4103.61;1920x1080;1903x947;after demographic;demographic;4;BRAC1_vertAL_1st300;after consent;after demographic;Task done;response-2-quantised;1
7;1591084027479;02/06/2020 07:47:07;1591084027234;-5;02/06/2020 02:47:07;18755;2;questionnaire-89vf;;5268242;5ec040acbd55a509d7179ccd;1483731;;complete;;5ed5fde2dbd1bf04c77cfa7f;computer;Desktop or Laptop;Windows 10;Chrome 83.0.4103.61;1920x1080;1903x947;after demographic;demographic;4;BRAC1_vertAL_1st300;after consent;after demographic;Task done;response-2-text;
8;1591084027479;02/06/2020 07:47:07;1591084027234;-5;02/06/2020 02:47:07;18755;2;questionnaire-89vf;;5268242;5ec040acbd55a509d7179ccd;1483731;;complete;;5ed5fde2dbd1bf04c77cfa7f;computer;Desktop or Laptop;Windows 10;Chrome 83.0.4103.61;1920x1080;1903x947;after demographic;demographic;4;BRAC1_vertAL_1st300;after consent;after demographic;Task done;response-3;Spanish
9;1591084027479;02/06/2020 07:47:07;1591084027235;-5;02/06/2020 02:47:07;18755;2;questionnaire-89vf;;5268242;5ec040acbd55a509d7179ccd;1483731;;complete;;5ed5fde2dbd1bf04c77cfa7f;computer;Desktop or Laptop;Windows 10;Chrome 83.0.4103.61;1920x1080;1903x947;after demographic;demographic;4;BRAC1_vertAL_1st300;after consent;after demographic;Task done;country;Mexico
10;1591084027479;02/06/2020 07:47:07;1591084027235;-5;02/06/2020 02:47:07;18755;2;questionnaire-89vf;;5268242;5ec040acbd55a509d7179ccd;1483731;;complete;;5ed5fde2dbd1bf04c77cfa7f;computer;Desktop or Laptop;Windows 10;Chrome 83.0.4103.61;1920x1080;1903x947;after demographic;demographic;4;BRAC1_vertAL_1st300;after consent;after demographic;Task done;education;Some university/higher education but no degree
11;1591084027479;02/06/2020 07:47:07;1591084027235;-5;02/06/2020 02:47:07;18755;2;questionnaire-89vf;;5268242;5ec040acbd55a509d7179ccd;1483731;;complete;;5ed5fde2dbd1bf04c77cfa7f;computer;Desktop or Laptop;Windows 10;Chrome 83.0.4103.61;1920x1080;1903x947;after demographic;demographic;4;BRAC1_vertAL_1st300;after consent;after demographic;Task done;education-quantised;4
12;1591084027479;02/06/2020 07:47:07;1591084027235;-5;02/06/2020 02:47:07;18755;2;questionnaire-89vf;;5268242;5ec040acbd55a509d7179ccd;1483731;;complete;;5ed5fde2dbd1bf04c77cfa7f;computer;Desktop or Laptop;Windows 10;Chrome 83.0.4103.61;1920x1080;1903x947;after demographic;demographic;4;BRAC1_vertAL_1st300;after consent;after demographic;Task done;psyKnowledge;Some knowledge as amateur
13;1591084027479;02/06/2020 07:47:07;1591084027235;-5;02/06/2020 02:47:07;18755;2;questionnaire-89vf;;5268242;5ec040acbd55a509d7179ccd;1483731;;complete;;5ed5fde2dbd1bf04c77cfa7f;computer;Desktop or Laptop;Windows 10;Chrome 83.0.4103.61;1920x1080;1903x947;after demographic;demographic;4;BRAC1_vertAL_1st300;after consent;after demographic;Task done;psyKnowledge-quantised;2
14;1591084027479;02/06/2020 07:47:07;1591084027235;-5;02/06/2020 02:47:07;18755;2;questionnaire-89vf;;5268242;5ec040acbd55a509d7179ccd;1483731;;complete;;5ed5fde2dbd1bf04c77cfa7f;computer;Desktop or Laptop;Windows 10;Chrome 83.0.4103.61;1920x1080;1903x947;after demographic;demographic;4;BRAC1_vertAL_1st300;after consent;after demographic;Task done;comment;I enjoyed the test, but my eyes hurt after staring at a white screen for a long time
15;1591084027479;02/06/2020 07:47:07;1591084027236;-5;02/06/2020 02:47:07;18755;2;questionnaire-89vf;;5268242;5ec040acbd55a509d7179ccd;1483731;;complete;;5ed5fde2dbd1bf04c77cfa7f;computer;Desktop or Laptop;Windows 10;Chrome 83.0.4103.61;1920x1080;1903x947;after demographic;demographic;4;BRAC1_vertAL_1st300;after consent;after demographic;Task done;END QUESTIONNAIRE;91849
1;1591083747908;02/06/2020 07:42:27;1591083747350;1;02/06/2020 08:42:27;18755;2;questionnaire-89vf;;5268220;5ca073f0f9013f00169bea2b;1483732;;complete;;5ed5fddf2d26b41955ca84b4;computer;Desktop or Laptop;Windows 10;Chrome 83.0.4103.61;1536x864;1536x754;after demographic;demographic;4;BRAC1_vertLA_1st300;after consent;after demographic;Task done;BEGIN QUESTIONNAIRE;
2;1591083777211;02/06/2020 07:42:57;1591083776879;1;02/06/2020 08:42:56;18755;2;questionnaire-89vf;;5268220;5ca073f0f9013f00169bea2b;1483732;;complete;;5ed5fddf2d26b41955ca84b4;computer;Desktop or Laptop;Windows 10;Chrome 83.0.4103.61;1536x864;1519x754;after demographic;demographic;4;BRAC1_vertLA_1st300;after consent;after demographic;Task done;sex;female
3;1591083777289;02/06/2020 07:42:57;1591083776881;1;02/06/2020 08:42:56;18755;2;questionnaire-89vf;;5268220;5ca073f0f9013f00169bea2b;1483732;;complete;;5ed5fddf2d26b41955ca84b4;computer;Desktop or Laptop;Windows 10;Chrome 83.0.4103.61;1536x864;1519x754;after demographic;demographic;4;BRAC1_vertLA_1st300;after consent;after demographic;Task done;sex-quantised;2
4;1591083777289;02/06/2020 07:42:57;1591083776881;1;02/06/2020 08:42:56;18755;2;questionnaire-89vf;;5268220;5ca073f0f9013f00169bea2b;1483732;;complete;;5ed5fddf2d26b41955ca84b4;computer;Desktop or Laptop;Windows 10;Chrome 83.0.4103.61;1536x864;1519x754;after demographic;demographic;4;BRAC1_vertLA_1st300;after consent;after demographic;Task done;age;25
5;1591083777289;02/06/2020 07:42:57;1591083776881;1;02/06/2020 08:42:56;18755;2;questionnaire-89vf;;5268220;5ca073f0f9013f00169bea2b;1483732;;complete;;5ed5fddf2d26b41955ca84b4;computer;Desktop or Laptop;Windows 10;Chrome 83.0.4103.61;1536x864;1519x754;after demographic;demographic;4;BRAC1_vertLA_1st300;after consent;after demographic;Task done;response-2;right-handed
6;1591083777289;02/06/2020 07:42:57;1591083776881;1;02/06/2020 08:42:56;18755;2;questionnaire-89vf;;5268220;5ca073f0f9013f00169bea2b;1483732;;complete;;5ed5fddf2d26b41955ca84b4;computer;Desktop or Laptop;Windows 10;Chrome 83.0.4103.61;1536x864;1519x754;after demographic;demographic;4;BRAC1_vertLA_1st300;after consent;after demographic;Task done;response-2-quantised;1
7;1591083777289;02/06/2020 07:42:57;1591083776882;1;02/06/2020 08:42:56;18755;2;questionnaire-89vf;;5268220;5ca073f0f9013f00169bea2b;1483732;;complete;;5ed5fddf2d26b41955ca84b4;computer;Desktop or Laptop;Windows 10;Chrome 83.0.4103.61;1536x864;1519x754;after demographic;demographic;4;BRAC1_vertLA_1st300;after consent;after demographic;Task done;response-2-text;
8;1591083777289;02/06/2020 07:42:57;1591083776882;1;02/06/2020 08:42:56;18755;2;questionnaire-89vf;;5268220;5ca073f0f9013f00169bea2b;1483732;;complete;;5ed5fddf2d26b41955ca84b4;computer;Desktop or Laptop;Windows 10;Chrome 83.0.4103.61;1536x864;1519x754;after demographic;demographic;4;BRAC1_vertLA_1st300;after consent;after demographic;Task done;END QUESTIONNAIRE;29532
9;1591083777289;02/06/2020 07:42:57;1591083776882;1;02/06/2020 08:42:56;18755;2;questionnaire-89vf;;5268220;5ca073f0f9013f00169bea2b;1483732;;complete;;5ed5fddf2d26b41955ca84b4;computer;Desktop or Laptop;Windows 10;Chrome 83.0.4103.61;1536x864;1519x754;after demographic;demographic;4;BRAC1_vertLA_1st300;after consent;after demographic;Task done;country;United Kingdom
10;1591083777289;02/06/2020 07:42:57;1591083776882;1;02/06/2020 08:42:56;18755;2;questionnaire-89vf;;5268220;5ca073f0f9013f00169bea2b;1483732;;complete;;5ed5fddf2d26b41955ca84b4;computer;Desktop or Laptop;Windows 10;Chrome 83.0.4103.61;1536x864;1519x754;after demographic;demographic;4;BRAC1_vertLA_1st300;after consent;after demographic;Task done;education;Bachelor degree
11;1591083777289;02/06/2020 07:42:57;1591083776882;1;02/06/2020 08:42:56;18755;2;questionnaire-89vf;;5268220;5ca073f0f9013f00169bea2b;1483732;;complete;;5ed5fddf2d26b41955ca84b4;computer;Desktop or Laptop;Windows 10;Chrome 83.0.4103.61;1536x864;1519x754;after demographic;demographic;4;BRAC1_vertLA_1st300;after consent;after demographic;Task done;education-quantised;5
12;1591083777289;02/06/2020 07:42:57;1591083776882;1;02/06/2020 08:42:56;18755;2;questionnaire-89vf;;5268220;5ca073f0f9013f00169bea2b;1483732;;complete;;5ed5fddf2d26b41955ca84b4;computer;Desktop or Laptop;Windows 10;Chrome 83.0.4103.61;1536x864;1519x754;after demographic;demographic;4;BRAC1_vertLA_1st300;after consent;after demographic;Task done;psyKnowledge;Not at all
13;1591083777289;02/06/2020 07:42:57;1591083776882;1;02/06/2020 08:42:56;18755;2;questionnaire-89vf;;5268220;5ca073f0f9013f00169bea2b;1483732;;complete;;5ed5fddf2d26b41955ca84b4;computer;Desktop or Laptop;Windows 10;Chrome 83.0.4103.61;1536x864;1519x754;after demographic;demographic;4;BRAC1_vertLA_1st300;after consent;after demographic;Task done;psyKnowledge-quantised;1
14;1591083777289;02/06/2020 07:42:57;1591083776882;1;02/06/2020 08:42:56;18755;2;questionnaire-89vf;;5268220;5ca073f0f9013f00169bea2b;1483732;;complete;;5ed5fddf2d26b41955ca84b4;computer;Desktop or Laptop;Windows 10;Chrome 83.0.4103.61;1536x864;1519x754;after demographic;demographic;4;BRAC1_vertLA_1st300;after consent;after demographic;Task done;comment;
15;1591083777289;02/06/2020 07:42:57;1591083776882;1;02/06/2020 08:42:56;18755;2;questionnaire-89vf;;5268220;5ca073f0f9013f00169bea2b;1483732;;complete;;5ed5fddf2d26b41955ca84b4;computer;Desktop or Laptop;Windows 10;Chrome 83.0.4103.61;1536x864;1519x754;after demographic;demographic;4;BRAC1_vertLA_1st300;after consent;after demographic;Task done;response-3;english
END OF FILE
