"Event.Index";"UTC.Timestamp";"UTC.Date";"Local.Timestamp";"Local.Timezone";"Local.Date";"Experiment.ID";"Experiment.Version";"Tree.Node.Key";"Repeat.Key";"Schedule.ID";"pp";"Participant.Private.ID";"Participant.Starting.Group";"Participant.Status";"Participant.Completion.Code";"Participant.External.Session.ID";"Participant.Device.Type";"Participant.Device";"Participant.OS";"Participant.Browser";"Participant.Monitor.Size";"Participant.Viewport.Size";"Checkpoint";"Task.Name";"Task.Version";"counterbalance.9qvq";"checkpoint.ngg1";"checkpoint.nubw";"checkpoint.t5ey";"questionKey";"Response"
1;1590430893809;"25/05/2020 18:21:33";1590430893700;2;"25/05/2020 20:21:33";17326;13;"questionnaire-b579";NA;5134115;"JM0";1450119;NA;"complete";"ipsflx";NA;"computer";"Desktop or Laptop";"Windows 7";"Chrome 81.0.4044.138";"1920x1200";"1920x1080";"demographics done";"demographic";4;"BRAC2_horiLL_1st0";"Consents given";"exp done";"demographics done";"BEGIN QUESTIONNAIRE";""
2;1590430931760;"25/05/2020 18:22:11";1590430931710;2;"25/05/2020 20:22:11";17326;13;"questionnaire-b579";NA;5134115;"JM0";1450119;NA;"complete";"ipsflx";NA;"computer";"Desktop or Laptop";"Windows 7";"Chrome 81.0.4044.138";"1920x1200";"1903x1080";"demographics done";"demographic";4;"BRAC2_horiLL_1st0";"Consents given";"exp done";"demographics done";"sex";"female"
3;1590430931822;"25/05/2020 18:22:11";1590430931713;2;"25/05/2020 20:22:11";17326;13;"questionnaire-b579";NA;5134115;"JM0";1450119;NA;"complete";"ipsflx";NA;"computer";"Desktop or Laptop";"Windows 7";"Chrome 81.0.4044.138";"1920x1200";"1903x1080";"demographics done";"demographic";4;"BRAC2_horiLL_1st0";"Consents given";"exp done";"demographics done";"sex-quantised";"2"
4;1590430931822;"25/05/2020 18:22:11";1590430931713;2;"25/05/2020 20:22:11";17326;13;"questionnaire-b579";NA;5134115;"JM0";1450119;NA;"complete";"ipsflx";NA;"computer";"Desktop or Laptop";"Windows 7";"Chrome 81.0.4044.138";"1920x1200";"1903x1080";"demographics done";"demographic";4;"BRAC2_horiLL_1st0";"Consents given";"exp done";"demographics done";"age";"32"
5;1590430931822;"25/05/2020 18:22:11";1590430931714;2;"25/05/2020 20:22:11";17326;13;"questionnaire-b579";NA;5134115;"JM0";1450119;NA;"complete";"ipsflx";NA;"computer";"Desktop or Laptop";"Windows 7";"Chrome 81.0.4044.138";"1920x1200";"1903x1080";"demographics done";"demographic";4;"BRAC2_horiLL_1st0";"Consents given";"exp done";"demographics done";"response-2";"right-handed"
6;1590430931822;"25/05/2020 18:22:11";1590430931714;2;"25/05/2020 20:22:11";17326;13;"questionnaire-b579";NA;5134115;"JM0";1450119;NA;"complete";"ipsflx";NA;"computer";"Desktop or Laptop";"Windows 7";"Chrome 81.0.4044.138";"1920x1200";"1903x1080";"demographics done";"demographic";4;"BRAC2_horiLL_1st0";"Consents given";"exp done";"demographics done";"response-2-quantised";"1"
7;1590430931822;"25/05/2020 18:22:11";1590430931714;2;"25/05/2020 20:22:11";17326;13;"questionnaire-b579";NA;5134115;"JM0";1450119;NA;"complete";"ipsflx";NA;"computer";"Desktop or Laptop";"Windows 7";"Chrome 81.0.4044.138";"1920x1200";"1903x1080";"demographics done";"demographic";4;"BRAC2_horiLL_1st0";"Consents given";"exp done";"demographics done";"response-2-text";""
8;1590430931822;"25/05/2020 18:22:11";1590430931714;2;"25/05/2020 20:22:11";17326;13;"questionnaire-b579";NA;5134115;"JM0";1450119;NA;"complete";"ipsflx";NA;"computer";"Desktop or Laptop";"Windows 7";"Chrome 81.0.4044.138";"1920x1200";"1903x1080";"demographics done";"demographic";4;"BRAC2_horiLL_1st0";"Consents given";"exp done";"demographics done";"response-3";"German"
9;1590430931822;"25/05/2020 18:22:11";1590430931714;2;"25/05/2020 20:22:11";17326;13;"questionnaire-b579";NA;5134115;"JM0";1450119;NA;"complete";"ipsflx";NA;"computer";"Desktop or Laptop";"Windows 7";"Chrome 81.0.4044.138";"1920x1200";"1903x1080";"demographics done";"demographic";4;"BRAC2_horiLL_1st0";"Consents given";"exp done";"demographics done";"country";"Germany"
10;1590430931822;"25/05/2020 18:22:11";1590430931714;2;"25/05/2020 20:22:11";17326;13;"questionnaire-b579";NA;5134115;"JM0";1450119;NA;"complete";"ipsflx";NA;"computer";"Desktop or Laptop";"Windows 7";"Chrome 81.0.4044.138";"1920x1200";"1903x1080";"demographics done";"demographic";4;"BRAC2_horiLL_1st0";"Consents given";"exp done";"demographics done";"education";"Some university/higher education but no degree"
11;1590430931822;"25/05/2020 18:22:11";1590430931715;2;"25/05/2020 20:22:11";17326;13;"questionnaire-b579";NA;5134115;"JM0";1450119;NA;"complete";"ipsflx";NA;"computer";"Desktop or Laptop";"Windows 7";"Chrome 81.0.4044.138";"1920x1200";"1903x1080";"demographics done";"demographic";4;"BRAC2_horiLL_1st0";"Consents given";"exp done";"demographics done";"education-quantised";"4"
12;1590430931822;"25/05/2020 18:22:11";1590430931715;2;"25/05/2020 20:22:11";17326;13;"questionnaire-b579";NA;5134115;"JM0";1450119;NA;"complete";"ipsflx";NA;"computer";"Desktop or Laptop";"Windows 7";"Chrome 81.0.4044.138";"1920x1200";"1903x1080";"demographics done";"demographic";4;"BRAC2_horiLL_1st0";"Consents given";"exp done";"demographics done";"psyKnowledge";"I've studied at least one of these disciplines (school or university)"
13;1590430931822;"25/05/2020 18:22:11";1590430931715;2;"25/05/2020 20:22:11";17326;13;"questionnaire-b579";NA;5134115;"JM0";1450119;NA;"complete";"ipsflx";NA;"computer";"Desktop or Laptop";"Windows 7";"Chrome 81.0.4044.138";"1920x1200";"1903x1080";"demographics done";"demographic";4;"BRAC2_horiLL_1st0";"Consents given";"exp done";"demographics done";"psyKnowledge-quantised";"3"
14;1590430931822;"25/05/2020 18:22:11";1590430931715;2;"25/05/2020 20:22:11";17326;13;"questionnaire-b579";NA;5134115;"JM0";1450119;NA;"complete";"ipsflx";NA;"computer";"Desktop or Laptop";"Windows 7";"Chrome 81.0.4044.138";"1920x1200";"1903x1080";"demographics done";"demographic";4;"BRAC2_horiLL_1st0";"Consents given";"exp done";"demographics done";"comment";""
15;1590430931822;"25/05/2020 18:22:11";1590430931715;2;"25/05/2020 20:22:11";17326;13;"questionnaire-b579";NA;5134115;"JM0";1450119;NA;"complete";"ipsflx";NA;"computer";"Desktop or Laptop";"Windows 7";"Chrome 81.0.4044.138";"1920x1200";"1903x1080";"demographics done";"demographic";4;"BRAC2_horiLL_1st0";"Consents given";"exp done";"demographics done";"END QUESTIONNAIRE";"38015"
1;1590431096408;"25/05/2020 18:24:56";1590431096307;2;"25/05/2020 20:24:56";17326;13;"questionnaire-b579";NA;5134153;"PJ6";1450458;NA;"complete";"mnhquw";NA;"computer";"Desktop or Laptop";"Mac OS 10.15.4";"Chrome 81.0.4044.138";"1440x900";"1440x697";"demographics done";"demographic";4;"BRAC2_vertAA_1st300";"Consents given";"exp done";"demographics done";"BEGIN QUESTIONNAIRE";""
2;1590431145223;"25/05/2020 18:25:45";1590431145170;2;"25/05/2020 20:25:45";17326;13;"questionnaire-b579";NA;5134153;"PJ6";1450458;NA;"complete";"mnhquw";NA;"computer";"Desktop or Laptop";"Mac OS 10.15.4";"Chrome 81.0.4044.138";"1440x900";"1440x697";"demographics done";"demographic";4;"BRAC2_vertAA_1st300";"Consents given";"exp done";"demographics done";"sex";"female"
3;1590431145301;"25/05/2020 18:25:45";1590431145172;2;"25/05/2020 20:25:45";17326;13;"questionnaire-b579";NA;5134153;"PJ6";1450458;NA;"complete";"mnhquw";NA;"computer";"Desktop or Laptop";"Mac OS 10.15.4";"Chrome 81.0.4044.138";"1440x900";"1440x697";"demographics done";"demographic";4;"BRAC2_vertAA_1st300";"Consents given";"exp done";"demographics done";"sex-quantised";"2"
4;1590431145301;"25/05/2020 18:25:45";1590431145172;2;"25/05/2020 20:25:45";17326;13;"questionnaire-b579";NA;5134153;"PJ6";1450458;NA;"complete";"mnhquw";NA;"computer";"Desktop or Laptop";"Mac OS 10.15.4";"Chrome 81.0.4044.138";"1440x900";"1440x697";"demographics done";"demographic";4;"BRAC2_vertAA_1st300";"Consents given";"exp done";"demographics done";"age";"27"
5;1590431145301;"25/05/2020 18:25:45";1590431145172;2;"25/05/2020 20:25:45";17326;13;"questionnaire-b579";NA;5134153;"PJ6";1450458;NA;"complete";"mnhquw";NA;"computer";"Desktop or Laptop";"Mac OS 10.15.4";"Chrome 81.0.4044.138";"1440x900";"1440x697";"demographics done";"demographic";4;"BRAC2_vertAA_1st300";"Consents given";"exp done";"demographics done";"response-2";"right-handed"
6;1590431145301;"25/05/2020 18:25:45";1590431145172;2;"25/05/2020 20:25:45";17326;13;"questionnaire-b579";NA;5134153;"PJ6";1450458;NA;"complete";"mnhquw";NA;"computer";"Desktop or Laptop";"Mac OS 10.15.4";"Chrome 81.0.4044.138";"1440x900";"1440x697";"demographics done";"demographic";4;"BRAC2_vertAA_1st300";"Consents given";"exp done";"demographics done";"response-2-quantised";"1"
7;1590431145301;"25/05/2020 18:25:45";1590431145172;2;"25/05/2020 20:25:45";17326;13;"questionnaire-b579";NA;5134153;"PJ6";1450458;NA;"complete";"mnhquw";NA;"computer";"Desktop or Laptop";"Mac OS 10.15.4";"Chrome 81.0.4044.138";"1440x900";"1440x697";"demographics done";"demographic";4;"BRAC2_vertAA_1st300";"Consents given";"exp done";"demographics done";"response-2-text";""
8;1590431145301;"25/05/2020 18:25:45";1590431145172;2;"25/05/2020 20:25:45";17326;13;"questionnaire-b579";NA;5134153;"PJ6";1450458;NA;"complete";"mnhquw";NA;"computer";"Desktop or Laptop";"Mac OS 10.15.4";"Chrome 81.0.4044.138";"1440x900";"1440x697";"demographics done";"demographic";4;"BRAC2_vertAA_1st300";"Consents given";"exp done";"demographics done";"response-3";""
9;1590431145301;"25/05/2020 18:25:45";1590431145172;2;"25/05/2020 20:25:45";17326;13;"questionnaire-b579";NA;5134153;"PJ6";1450458;NA;"complete";"mnhquw";NA;"computer";"Desktop or Laptop";"Mac OS 10.15.4";"Chrome 81.0.4044.138";"1440x900";"1440x697";"demographics done";"demographic";4;"BRAC2_vertAA_1st300";"Consents given";"exp done";"demographics done";"country";"Germany"
10;1590431145301;"25/05/2020 18:25:45";1590431145173;2;"25/05/2020 20:25:45";17326;13;"questionnaire-b579";NA;5134153;"PJ6";1450458;NA;"complete";"mnhquw";NA;"computer";"Desktop or Laptop";"Mac OS 10.15.4";"Chrome 81.0.4044.138";"1440x900";"1440x697";"demographics done";"demographic";4;"BRAC2_vertAA_1st300";"Consents given";"exp done";"demographics done";"education";"Bachelor degree"
11;1590431145301;"25/05/2020 18:25:45";1590431145173;2;"25/05/2020 20:25:45";17326;13;"questionnaire-b579";NA;5134153;"PJ6";1450458;NA;"complete";"mnhquw";NA;"computer";"Desktop or Laptop";"Mac OS 10.15.4";"Chrome 81.0.4044.138";"1440x900";"1440x697";"demographics done";"demographic";4;"BRAC2_vertAA_1st300";"Consents given";"exp done";"demographics done";"education-quantised";"5"
12;1590431145301;"25/05/2020 18:25:45";1590431145173;2;"25/05/2020 20:25:45";17326;13;"questionnaire-b579";NA;5134153;"PJ6";1450458;NA;"complete";"mnhquw";NA;"computer";"Desktop or Laptop";"Mac OS 10.15.4";"Chrome 81.0.4044.138";"1440x900";"1440x697";"demographics done";"demographic";4;"BRAC2_vertAA_1st300";"Consents given";"exp done";"demographics done";"psyKnowledge";"I've studied at least one of these disciplines (school or university)"
13;1590431145301;"25/05/2020 18:25:45";1590431145173;2;"25/05/2020 20:25:45";17326;13;"questionnaire-b579";NA;5134153;"PJ6";1450458;NA;"complete";"mnhquw";NA;"computer";"Desktop or Laptop";"Mac OS 10.15.4";"Chrome 81.0.4044.138";"1440x900";"1440x697";"demographics done";"demographic";4;"BRAC2_vertAA_1st300";"Consents given";"exp done";"demographics done";"psyKnowledge-quantised";"3"
14;1590431145301;"25/05/2020 18:25:45";1590431145173;2;"25/05/2020 20:25:45";17326;13;"questionnaire-b579";NA;5134153;"PJ6";1450458;NA;"complete";"mnhquw";NA;"computer";"Desktop or Laptop";"Mac OS 10.15.4";"Chrome 81.0.4044.138";"1440x900";"1440x697";"demographics done";"demographic";4;"BRAC2_vertAA_1st300";"Consents given";"exp done";"demographics done";"comment";""
15;1590431145301;"25/05/2020 18:25:45";1590431145173;2;"25/05/2020 20:25:45";17326;13;"questionnaire-b579";NA;5134153;"PJ6";1450458;NA;"complete";"mnhquw";NA;"computer";"Desktop or Laptop";"Mac OS 10.15.4";"Chrome 81.0.4044.138";"1440x900";"1440x697";"demographics done";"demographic";4;"BRAC2_vertAA_1st300";"Consents given";"exp done";"demographics done";"END QUESTIONNAIRE";"48866"
1;1590433343848;"25/05/2020 19:02:23";1590433343731;2;"25/05/2020 21:02:23";17326;13;"questionnaire-b579";NA;5134446;"PM1";1450144;NA;"complete";"jmlnzp";NA;"computer";"Desktop or Laptop";"Mac OS 10.15.4";"Safari 13.1";"1440x900";"1440x837";"demographics done";"demographic";4;"BRAC2_horiAA_1st300";"Consents given";"exp done";"demographics done";"BEGIN QUESTIONNAIRE";""
2;1590433397985;"25/05/2020 19:03:17";1590433397935;2;"25/05/2020 21:03:17";17326;13;"questionnaire-b579";NA;5134446;"PM1";1450144;NA;"complete";"jmlnzp";NA;"computer";"Desktop or Laptop";"Mac OS 10.15.4";"Safari 13.1";"1440x900";"1440x837";"demographics done";"demographic";4;"BRAC2_horiAA_1st300";"Consents given";"exp done";"demographics done";"sex";"female"
3;1590433398063;"25/05/2020 19:03:18";1590433397937;2;"25/05/2020 21:03:17";17326;13;"questionnaire-b579";NA;5134446;"PM1";1450144;NA;"complete";"jmlnzp";NA;"computer";"Desktop or Laptop";"Mac OS 10.15.4";"Safari 13.1";"1440x900";"1440x837";"demographics done";"demographic";4;"BRAC2_horiAA_1st300";"Consents given";"exp done";"demographics done";"sex-quantised";"2"
4;1590433398063;"25/05/2020 19:03:18";1590433397937;2;"25/05/2020 21:03:17";17326;13;"questionnaire-b579";NA;5134446;"PM1";1450144;NA;"complete";"jmlnzp";NA;"computer";"Desktop or Laptop";"Mac OS 10.15.4";"Safari 13.1";"1440x900";"1440x837";"demographics done";"demographic";4;"BRAC2_horiAA_1st300";"Consents given";"exp done";"demographics done";"age";"19"
5;1590433398063;"25/05/2020 19:03:18";1590433397937;2;"25/05/2020 21:03:17";17326;13;"questionnaire-b579";NA;5134446;"PM1";1450144;NA;"complete";"jmlnzp";NA;"computer";"Desktop or Laptop";"Mac OS 10.15.4";"Safari 13.1";"1440x900";"1440x837";"demographics done";"demographic";4;"BRAC2_horiAA_1st300";"Consents given";"exp done";"demographics done";"response-2";"right-handed"
6;1590433398063;"25/05/2020 19:03:18";1590433397937;2;"25/05/2020 21:03:17";17326;13;"questionnaire-b579";NA;5134446;"PM1";1450144;NA;"complete";"jmlnzp";NA;"computer";"Desktop or Laptop";"Mac OS 10.15.4";"Safari 13.1";"1440x900";"1440x837";"demographics done";"demographic";4;"BRAC2_horiAA_1st300";"Consents given";"exp done";"demographics done";"response-2-quantised";"1"
7;1590433398063;"25/05/2020 19:03:18";1590433397938;2;"25/05/2020 21:03:17";17326;13;"questionnaire-b579";NA;5134446;"PM1";1450144;NA;"complete";"jmlnzp";NA;"computer";"Desktop or Laptop";"Mac OS 10.15.4";"Safari 13.1";"1440x900";"1440x837";"demographics done";"demographic";4;"BRAC2_horiAA_1st300";"Consents given";"exp done";"demographics done";"response-2-text";""
8;1590433398063;"25/05/2020 19:03:18";1590433397938;2;"25/05/2020 21:03:17";17326;13;"questionnaire-b579";NA;5134446;"PM1";1450144;NA;"complete";"jmlnzp";NA;"computer";"Desktop or Laptop";"Mac OS 10.15.4";"Safari 13.1";"1440x900";"1440x837";"demographics done";"demographic";4;"BRAC2_horiAA_1st300";"Consents given";"exp done";"demographics done";"END QUESTIONNAIRE";"54207"
9;1590433398063;"25/05/2020 19:03:18";1590433397938;2;"25/05/2020 21:03:17";17326;13;"questionnaire-b579";NA;5134446;"PM1";1450144;NA;"complete";"jmlnzp";NA;"computer";"Desktop or Laptop";"Mac OS 10.15.4";"Safari 13.1";"1440x900";"1440x837";"demographics done";"demographic";4;"BRAC2_horiAA_1st300";"Consents given";"exp done";"demographics done";"country";"Germany"
10;1590433398063;"25/05/2020 19:03:18";1590433397938;2;"25/05/2020 21:03:17";17326;13;"questionnaire-b579";NA;5134446;"PM1";1450144;NA;"complete";"jmlnzp";NA;"computer";"Desktop or Laptop";"Mac OS 10.15.4";"Safari 13.1";"1440x900";"1440x837";"demographics done";"demographic";4;"BRAC2_horiAA_1st300";"Consents given";"exp done";"demographics done";"education";"High school diploma"
11;1590433398063;"25/05/2020 19:03:18";1590433397938;2;"25/05/2020 21:03:17";17326;13;"questionnaire-b579";NA;5134446;"PM1";1450144;NA;"complete";"jmlnzp";NA;"computer";"Desktop or Laptop";"Mac OS 10.15.4";"Safari 13.1";"1440x900";"1440x837";"demographics done";"demographic";4;"BRAC2_horiAA_1st300";"Consents given";"exp done";"demographics done";"education-quantised";"3"
12;1590433398063;"25/05/2020 19:03:18";1590433397938;2;"25/05/2020 21:03:17";17326;13;"questionnaire-b579";NA;5134446;"PM1";1450144;NA;"complete";"jmlnzp";NA;"computer";"Desktop or Laptop";"Mac OS 10.15.4";"Safari 13.1";"1440x900";"1440x837";"demographics done";"demographic";4;"BRAC2_horiAA_1st300";"Consents given";"exp done";"demographics done";"psyKnowledge";"Some knowledge as amateur"
13;1590433398063;"25/05/2020 19:03:18";1590433397938;2;"25/05/2020 21:03:17";17326;13;"questionnaire-b579";NA;5134446;"PM1";1450144;NA;"complete";"jmlnzp";NA;"computer";"Desktop or Laptop";"Mac OS 10.15.4";"Safari 13.1";"1440x900";"1440x837";"demographics done";"demographic";4;"BRAC2_horiAA_1st300";"Consents given";"exp done";"demographics done";"psyKnowledge-quantised";"2"
14;1590433398063;"25/05/2020 19:03:18";1590433397938;2;"25/05/2020 21:03:17";17326;13;"questionnaire-b579";NA;5134446;"PM1";1450144;NA;"complete";"jmlnzp";NA;"computer";"Desktop or Laptop";"Mac OS 10.15.4";"Safari 13.1";"1440x900";"1440x837";"demographics done";"demographic";4;"BRAC2_horiAA_1st300";"Consents given";"exp done";"demographics done";"comment";""
15;1590433398063;"25/05/2020 19:03:18";1590433397938;2;"25/05/2020 21:03:17";17326;13;"questionnaire-b579";NA;5134446;"PM1";1450144;NA;"complete";"jmlnzp";NA;"computer";"Desktop or Laptop";"Mac OS 10.15.4";"Safari 13.1";"1440x900";"1440x837";"demographics done";"demographic";4;"BRAC2_horiAA_1st300";"Consents given";"exp done";"demographics done";"response-3";"German"
1;1590449875769;"25/05/2020 23:37:55";1590449875701;2;"26/05/2020 01:37:55";17326;13;"questionnaire-b579";NA;5136220;"MH1";1450123;NA;"complete";"sernvi";NA;"computer";"Desktop or Laptop";"Mac OS 10.14.5";"Safari 12.1.1";"1440x900";"1440x837";"demographics done";"demographic";4;"BRAC2_horiAL_1st300";"Consents given";"exp done";"demographics done";"BEGIN QUESTIONNAIRE";""
2;1590449956087;"25/05/2020 23:39:16";1590449955962;2;"26/05/2020 01:39:15";17326;13;"questionnaire-b579";NA;5136220;"MH1";1450123;NA;"complete";"sernvi";NA;"computer";"Desktop or Laptop";"Mac OS 10.14.5";"Safari 12.1.1";"1440x900";"1440x837";"demographics done";"demographic";4;"BRAC2_horiAL_1st300";"Consents given";"exp done";"demographics done";"sex";"female"
3;1590449956166;"25/05/2020 23:39:16";1590449955964;2;"26/05/2020 01:39:15";17326;13;"questionnaire-b579";NA;5136220;"MH1";1450123;NA;"complete";"sernvi";NA;"computer";"Desktop or Laptop";"Mac OS 10.14.5";"Safari 12.1.1";"1440x900";"1440x837";"demographics done";"demographic";4;"BRAC2_horiAL_1st300";"Consents given";"exp done";"demographics done";"sex-quantised";"2"
4;1590449956166;"25/05/2020 23:39:16";1590449955964;2;"26/05/2020 01:39:15";17326;13;"questionnaire-b579";NA;5136220;"MH1";1450123;NA;"complete";"sernvi";NA;"computer";"Desktop or Laptop";"Mac OS 10.14.5";"Safari 12.1.1";"1440x900";"1440x837";"demographics done";"demographic";4;"BRAC2_horiAL_1st300";"Consents given";"exp done";"demographics done";"age";"19"
5;1590449956166;"25/05/2020 23:39:16";1590449955965;2;"26/05/2020 01:39:15";17326;13;"questionnaire-b579";NA;5136220;"MH1";1450123;NA;"complete";"sernvi";NA;"computer";"Desktop or Laptop";"Mac OS 10.14.5";"Safari 12.1.1";"1440x900";"1440x837";"demographics done";"demographic";4;"BRAC2_horiAL_1st300";"Consents given";"exp done";"demographics done";"response-2";"right-handed"
6;1590449956166;"25/05/2020 23:39:16";1590449955965;2;"26/05/2020 01:39:15";17326;13;"questionnaire-b579";NA;5136220;"MH1";1450123;NA;"complete";"sernvi";NA;"computer";"Desktop or Laptop";"Mac OS 10.14.5";"Safari 12.1.1";"1440x900";"1440x837";"demographics done";"demographic";4;"BRAC2_horiAL_1st300";"Consents given";"exp done";"demographics done";"response-2-quantised";"1"
7;1590449956166;"25/05/2020 23:39:16";1590449955965;2;"26/05/2020 01:39:15";17326;13;"questionnaire-b579";NA;5136220;"MH1";1450123;NA;"complete";"sernvi";NA;"computer";"Desktop or Laptop";"Mac OS 10.14.5";"Safari 12.1.1";"1440x900";"1440x837";"demographics done";"demographic";4;"BRAC2_horiAL_1st300";"Consents given";"exp done";"demographics done";"response-2-text";""
8;1590449956166;"25/05/2020 23:39:16";1590449955965;2;"26/05/2020 01:39:15";17326;13;"questionnaire-b579";NA;5136220;"MH1";1450123;NA;"complete";"sernvi";NA;"computer";"Desktop or Laptop";"Mac OS 10.14.5";"Safari 12.1.1";"1440x900";"1440x837";"demographics done";"demographic";4;"BRAC2_horiAL_1st300";"Consents given";"exp done";"demographics done";"END QUESTIONNAIRE";"80264"
9;1590449956166;"25/05/2020 23:39:16";1590449955965;2;"26/05/2020 01:39:15";17326;13;"questionnaire-b579";NA;5136220;"MH1";1450123;NA;"complete";"sernvi";NA;"computer";"Desktop or Laptop";"Mac OS 10.14.5";"Safari 12.1.1";"1440x900";"1440x837";"demographics done";"demographic";4;"BRAC2_horiAL_1st300";"Consents given";"exp done";"demographics done";"country";"Germany"
10;1590449956166;"25/05/2020 23:39:16";1590449955965;2;"26/05/2020 01:39:15";17326;13;"questionnaire-b579";NA;5136220;"MH1";1450123;NA;"complete";"sernvi";NA;"computer";"Desktop or Laptop";"Mac OS 10.14.5";"Safari 12.1.1";"1440x900";"1440x837";"demographics done";"demographic";4;"BRAC2_horiAL_1st300";"Consents given";"exp done";"demographics done";"education";"High school diploma"
11;1590449956166;"25/05/2020 23:39:16";1590449955965;2;"26/05/2020 01:39:15";17326;13;"questionnaire-b579";NA;5136220;"MH1";1450123;NA;"complete";"sernvi";NA;"computer";"Desktop or Laptop";"Mac OS 10.14.5";"Safari 12.1.1";"1440x900";"1440x837";"demographics done";"demographic";4;"BRAC2_horiAL_1st300";"Consents given";"exp done";"demographics done";"education-quantised";"3"
12;1590449956166;"25/05/2020 23:39:16";1590449955965;2;"26/05/2020 01:39:15";17326;13;"questionnaire-b579";NA;5136220;"MH1";1450123;NA;"complete";"sernvi";NA;"computer";"Desktop or Laptop";"Mac OS 10.14.5";"Safari 12.1.1";"1440x900";"1440x837";"demographics done";"demographic";4;"BRAC2_horiAL_1st300";"Consents given";"exp done";"demographics done";"psyKnowledge";"Some knowledge as amateur"
13;1590449956166;"25/05/2020 23:39:16";1590449955965;2;"26/05/2020 01:39:15";17326;13;"questionnaire-b579";NA;5136220;"MH1";1450123;NA;"complete";"sernvi";NA;"computer";"Desktop or Laptop";"Mac OS 10.14.5";"Safari 12.1.1";"1440x900";"1440x837";"demographics done";"demographic";4;"BRAC2_horiAL_1st300";"Consents given";"exp done";"demographics done";"psyKnowledge-quantised";"2"
14;1590449956166;"25/05/2020 23:39:16";1590449955965;2;"26/05/2020 01:39:15";17326;13;"questionnaire-b579";NA;5136220;"MH1";1450123;NA;"complete";"sernvi";NA;"computer";"Desktop or Laptop";"Mac OS 10.14.5";"Safari 12.1.1";"1440x900";"1440x837";"demographics done";"demographic";4;"BRAC2_horiAL_1st300";"Consents given";"exp done";"demographics done";"comment";"Second Semester Psychology"
15;1590449956166;"25/05/2020 23:39:16";1590449955965;2;"26/05/2020 01:39:15";17326;13;"questionnaire-b579";NA;5136220;"MH1";1450123;NA;"complete";"sernvi";NA;"computer";"Desktop or Laptop";"Mac OS 10.14.5";"Safari 12.1.1";"1440x900";"1440x837";"demographics done";"demographic";4;"BRAC2_horiAL_1st300";"Consents given";"exp done";"demographics done";"response-3";"German/Russian (bilingual childhood)"
1;1590477453931;"26/05/2020 07:17:33";1590477454414;2;"26/05/2020 09:17:34";17326;13;"questionnaire-b579";NA;5137365;"QN2";1450118;NA;"complete";"vtbhnm";NA;"computer";"Desktop or Laptop";"Windows 10";"Chrome 81.0.4044.138";"1536x864";"1536x711";"demographics done";"demographic";4;"BRAC2_vertLA_1st300";"Consents given";"exp done";"demographics done";"BEGIN QUESTIONNAIRE";""
2;1590477502782;"26/05/2020 07:18:22";1590477503350;2;"26/05/2020 09:18:23";17326;13;"questionnaire-b579";NA;5137365;"QN2";1450118;NA;"complete";"vtbhnm";NA;"computer";"Desktop or Laptop";"Windows 10";"Chrome 81.0.4044.138";"1536x864";"1519x711";"demographics done";"demographic";4;"BRAC2_vertLA_1st300";"Consents given";"exp done";"demographics done";"sex";"I'd rather not say"
3;1590477502985;"26/05/2020 07:18:22";1590477503354;2;"26/05/2020 09:18:23";17326;13;"questionnaire-b579";NA;5137365;"QN2";1450118;NA;"complete";"vtbhnm";NA;"computer";"Desktop or Laptop";"Windows 10";"Chrome 81.0.4044.138";"1536x864";"1519x711";"demographics done";"demographic";4;"BRAC2_vertLA_1st300";"Consents given";"exp done";"demographics done";"sex-quantised";"3"
4;1590477502985;"26/05/2020 07:18:22";1590477503355;2;"26/05/2020 09:18:23";17326;13;"questionnaire-b579";NA;5137365;"QN2";1450118;NA;"complete";"vtbhnm";NA;"computer";"Desktop or Laptop";"Windows 10";"Chrome 81.0.4044.138";"1536x864";"1519x711";"demographics done";"demographic";4;"BRAC2_vertLA_1st300";"Consents given";"exp done";"demographics done";"age";"20"
5;1590477502985;"26/05/2020 07:18:22";1590477503355;2;"26/05/2020 09:18:23";17326;13;"questionnaire-b579";NA;5137365;"QN2";1450118;NA;"complete";"vtbhnm";NA;"computer";"Desktop or Laptop";"Windows 10";"Chrome 81.0.4044.138";"1536x864";"1519x711";"demographics done";"demographic";4;"BRAC2_vertLA_1st300";"Consents given";"exp done";"demographics done";"response-2";"right-handed"
6;1590477502985;"26/05/2020 07:18:22";1590477503355;2;"26/05/2020 09:18:23";17326;13;"questionnaire-b579";NA;5137365;"QN2";1450118;NA;"complete";"vtbhnm";NA;"computer";"Desktop or Laptop";"Windows 10";"Chrome 81.0.4044.138";"1536x864";"1519x711";"demographics done";"demographic";4;"BRAC2_vertLA_1st300";"Consents given";"exp done";"demographics done";"response-2-quantised";"1"
7;1590477502985;"26/05/2020 07:18:22";1590477503356;2;"26/05/2020 09:18:23";17326;13;"questionnaire-b579";NA;5137365;"QN2";1450118;NA;"complete";"vtbhnm";NA;"computer";"Desktop or Laptop";"Windows 10";"Chrome 81.0.4044.138";"1536x864";"1519x711";"demographics done";"demographic";4;"BRAC2_vertLA_1st300";"Consents given";"exp done";"demographics done";"response-2-text";""
8;1590477502985;"26/05/2020 07:18:22";1590477503356;2;"26/05/2020 09:18:23";17326;13;"questionnaire-b579";NA;5137365;"QN2";1450118;NA;"complete";"vtbhnm";NA;"computer";"Desktop or Laptop";"Windows 10";"Chrome 81.0.4044.138";"1536x864";"1519x711";"demographics done";"demographic";4;"BRAC2_vertLA_1st300";"Consents given";"exp done";"demographics done";"response-3";"german"
9;1590477502985;"26/05/2020 07:18:22";1590477503356;2;"26/05/2020 09:18:23";17326;13;"questionnaire-b579";NA;5137365;"QN2";1450118;NA;"complete";"vtbhnm";NA;"computer";"Desktop or Laptop";"Windows 10";"Chrome 81.0.4044.138";"1536x864";"1519x711";"demographics done";"demographic";4;"BRAC2_vertLA_1st300";"Consents given";"exp done";"demographics done";"country";"germany"
10;1590477502985;"26/05/2020 07:18:22";1590477503356;2;"26/05/2020 09:18:23";17326;13;"questionnaire-b579";NA;5137365;"QN2";1450118;NA;"complete";"vtbhnm";NA;"computer";"Desktop or Laptop";"Windows 10";"Chrome 81.0.4044.138";"1536x864";"1519x711";"demographics done";"demographic";4;"BRAC2_vertLA_1st300";"Consents given";"exp done";"demographics done";"education";"High school diploma"
11;1590477502985;"26/05/2020 07:18:22";1590477503357;2;"26/05/2020 09:18:23";17326;13;"questionnaire-b579";NA;5137365;"QN2";1450118;NA;"complete";"vtbhnm";NA;"computer";"Desktop or Laptop";"Windows 10";"Chrome 81.0.4044.138";"1536x864";"1519x711";"demographics done";"demographic";4;"BRAC2_vertLA_1st300";"Consents given";"exp done";"demographics done";"education-quantised";"3"
12;1590477502985;"26/05/2020 07:18:22";1590477503357;2;"26/05/2020 09:18:23";17326;13;"questionnaire-b579";NA;5137365;"QN2";1450118;NA;"complete";"vtbhnm";NA;"computer";"Desktop or Laptop";"Windows 10";"Chrome 81.0.4044.138";"1536x864";"1519x711";"demographics done";"demographic";4;"BRAC2_vertLA_1st300";"Consents given";"exp done";"demographics done";"psyKnowledge";"I've studied at least one of these disciplines (school or university)"
13;1590477502985;"26/05/2020 07:18:22";1590477503357;2;"26/05/2020 09:18:23";17326;13;"questionnaire-b579";NA;5137365;"QN2";1450118;NA;"complete";"vtbhnm";NA;"computer";"Desktop or Laptop";"Windows 10";"Chrome 81.0.4044.138";"1536x864";"1519x711";"demographics done";"demographic";4;"BRAC2_vertLA_1st300";"Consents given";"exp done";"demographics done";"psyKnowledge-quantised";"3"
14;1590477502985;"26/05/2020 07:18:22";1590477503358;2;"26/05/2020 09:18:23";17326;13;"questionnaire-b579";NA;5137365;"QN2";1450118;NA;"complete";"vtbhnm";NA;"computer";"Desktop or Laptop";"Windows 10";"Chrome 81.0.4044.138";"1536x864";"1519x711";"demographics done";"demographic";4;"BRAC2_vertLA_1st300";"Consents given";"exp done";"demographics done";"comment";""
15;1590477502985;"26/05/2020 07:18:22";1590477503358;2;"26/05/2020 09:18:23";17326;13;"questionnaire-b579";NA;5137365;"QN2";1450118;NA;"complete";"vtbhnm";NA;"computer";"Desktop or Laptop";"Windows 10";"Chrome 81.0.4044.138";"1536x864";"1519x711";"demographics done";"demographic";4;"BRAC2_vertLA_1st300";"Consents given";"exp done";"demographics done";"END QUESTIONNAIRE";"48944"
1;1590497487874;"26/05/2020 12:51:27";1590497500546;2;"26/05/2020 14:51:40";17326;13;"questionnaire-b579";NA;5142364;"VK1";1450116;NA;"complete";"hkangh";NA;"computer";"Desktop or Laptop";"Windows 10";"Chrome 81.0.4044.138";"1366x768";"1366x625";"demographics done";"demographic";4;"BRAC2_vertLL_1st300";"Consents given";"exp done";"demographics done";"BEGIN QUESTIONNAIRE";""
2;1590497536957;"26/05/2020 12:52:16";1590497549494;2;"26/05/2020 14:52:29";17326;13;"questionnaire-b579";NA;5142364;"VK1";1450116;NA;"complete";"hkangh";NA;"computer";"Desktop or Laptop";"Windows 10";"Chrome 81.0.4044.138";"1366x768";"1349x625";"demographics done";"demographic";4;"BRAC2_vertLL_1st300";"Consents given";"exp done";"demographics done";"sex";"female"
3;1590497537223;"26/05/2020 12:52:17";1590497549499;2;"26/05/2020 14:52:29";17326;13;"questionnaire-b579";NA;5142364;"VK1";1450116;NA;"complete";"hkangh";NA;"computer";"Desktop or Laptop";"Windows 10";"Chrome 81.0.4044.138";"1366x768";"1349x625";"demographics done";"demographic";4;"BRAC2_vertLL_1st300";"Consents given";"exp done";"demographics done";"sex-quantised";"2"
4;1590497537223;"26/05/2020 12:52:17";1590497549500;2;"26/05/2020 14:52:29";17326;13;"questionnaire-b579";NA;5142364;"VK1";1450116;NA;"complete";"hkangh";NA;"computer";"Desktop or Laptop";"Windows 10";"Chrome 81.0.4044.138";"1366x768";"1349x625";"demographics done";"demographic";4;"BRAC2_vertLL_1st300";"Consents given";"exp done";"demographics done";"age";"22"
5;1590497537223;"26/05/2020 12:52:17";1590497549500;2;"26/05/2020 14:52:29";17326;13;"questionnaire-b579";NA;5142364;"VK1";1450116;NA;"complete";"hkangh";NA;"computer";"Desktop or Laptop";"Windows 10";"Chrome 81.0.4044.138";"1366x768";"1349x625";"demographics done";"demographic";4;"BRAC2_vertLL_1st300";"Consents given";"exp done";"demographics done";"response-2";"right-handed"
6;1590497537223;"26/05/2020 12:52:17";1590497549501;2;"26/05/2020 14:52:29";17326;13;"questionnaire-b579";NA;5142364;"VK1";1450116;NA;"complete";"hkangh";NA;"computer";"Desktop or Laptop";"Windows 10";"Chrome 81.0.4044.138";"1366x768";"1349x625";"demographics done";"demographic";4;"BRAC2_vertLL_1st300";"Consents given";"exp done";"demographics done";"response-2-quantised";"1"
7;1590497537223;"26/05/2020 12:52:17";1590497549502;2;"26/05/2020 14:52:29";17326;13;"questionnaire-b579";NA;5142364;"VK1";1450116;NA;"complete";"hkangh";NA;"computer";"Desktop or Laptop";"Windows 10";"Chrome 81.0.4044.138";"1366x768";"1349x625";"demographics done";"demographic";4;"BRAC2_vertLL_1st300";"Consents given";"exp done";"demographics done";"response-2-text";""
8;1590497537223;"26/05/2020 12:52:17";1590497549502;2;"26/05/2020 14:52:29";17326;13;"questionnaire-b579";NA;5142364;"VK1";1450116;NA;"complete";"hkangh";NA;"computer";"Desktop or Laptop";"Windows 10";"Chrome 81.0.4044.138";"1366x768";"1349x625";"demographics done";"demographic";4;"BRAC2_vertLL_1st300";"Consents given";"exp done";"demographics done";"response-3";"German"
9;1590497537223;"26/05/2020 12:52:17";1590497549503;2;"26/05/2020 14:52:29";17326;13;"questionnaire-b579";NA;5142364;"VK1";1450116;NA;"complete";"hkangh";NA;"computer";"Desktop or Laptop";"Windows 10";"Chrome 81.0.4044.138";"1366x768";"1349x625";"demographics done";"demographic";4;"BRAC2_vertLL_1st300";"Consents given";"exp done";"demographics done";"country";"Germany"
10;1590497537223;"26/05/2020 12:52:17";1590497549505;2;"26/05/2020 14:52:29";17326;13;"questionnaire-b579";NA;5142364;"VK1";1450116;NA;"complete";"hkangh";NA;"computer";"Desktop or Laptop";"Windows 10";"Chrome 81.0.4044.138";"1366x768";"1349x625";"demographics done";"demographic";4;"BRAC2_vertLL_1st300";"Consents given";"exp done";"demographics done";"education";"High school diploma"
11;1590497537223;"26/05/2020 12:52:17";1590497549506;2;"26/05/2020 14:52:29";17326;13;"questionnaire-b579";NA;5142364;"VK1";1450116;NA;"complete";"hkangh";NA;"computer";"Desktop or Laptop";"Windows 10";"Chrome 81.0.4044.138";"1366x768";"1349x625";"demographics done";"demographic";4;"BRAC2_vertLL_1st300";"Consents given";"exp done";"demographics done";"education-quantised";"3"
12;1590497537223;"26/05/2020 12:52:17";1590497549507;2;"26/05/2020 14:52:29";17326;13;"questionnaire-b579";NA;5142364;"VK1";1450116;NA;"complete";"hkangh";NA;"computer";"Desktop or Laptop";"Windows 10";"Chrome 81.0.4044.138";"1366x768";"1349x625";"demographics done";"demographic";4;"BRAC2_vertLL_1st300";"Consents given";"exp done";"demographics done";"psyKnowledge";"Some knowledge as amateur"
13;1590497537223;"26/05/2020 12:52:17";1590497549508;2;"26/05/2020 14:52:29";17326;13;"questionnaire-b579";NA;5142364;"VK1";1450116;NA;"complete";"hkangh";NA;"computer";"Desktop or Laptop";"Windows 10";"Chrome 81.0.4044.138";"1366x768";"1349x625";"demographics done";"demographic";4;"BRAC2_vertLL_1st300";"Consents given";"exp done";"demographics done";"psyKnowledge-quantised";"2"
14;1590497537223;"26/05/2020 12:52:17";1590497549508;2;"26/05/2020 14:52:29";17326;13;"questionnaire-b579";NA;5142364;"VK1";1450116;NA;"complete";"hkangh";NA;"computer";"Desktop or Laptop";"Windows 10";"Chrome 81.0.4044.138";"1366x768";"1349x625";"demographics done";"demographic";4;"BRAC2_vertLL_1st300";"Consents given";"exp done";"demographics done";"comment";""
15;1590497537223;"26/05/2020 12:52:17";1590497549509;2;"26/05/2020 14:52:29";17326;13;"questionnaire-b579";NA;5142364;"VK1";1450116;NA;"complete";"hkangh";NA;"computer";"Desktop or Laptop";"Windows 10";"Chrome 81.0.4044.138";"1366x768";"1349x625";"demographics done";"demographic";4;"BRAC2_vertLL_1st300";"Consents given";"exp done";"demographics done";"END QUESTIONNAIRE";"48964"
1;1590501784510;"26/05/2020 14:03:04";1590501786053;2;"26/05/2020 16:03:06";17326;13;"questionnaire-b579";NA;5143770;"SD0";1450122;NA;"complete";"ortljg";NA;"computer";"Desktop or Laptop";"Windows 10";"Chrome 81.0.4044.138";"1366x768";"1366x768";"demographics done";"demographic";4;"BRAC2_vertAA_1st0";"Consents given";"exp done";"demographics done";"BEGIN QUESTIONNAIRE";""
2;1590501860162;"26/05/2020 14:04:20";1590501861737;2;"26/05/2020 16:04:21";17326;13;"questionnaire-b579";NA;5143770;"SD0";1450122;NA;"complete";"ortljg";NA;"computer";"Desktop or Laptop";"Windows 10";"Chrome 81.0.4044.138";"1366x768";"1349x768";"demographics done";"demographic";4;"BRAC2_vertAA_1st0";"Consents given";"exp done";"demographics done";"sex";"female"
3;1590501860349;"26/05/2020 14:04:20";1590501861743;2;"26/05/2020 16:04:21";17326;13;"questionnaire-b579";NA;5143770;"SD0";1450122;NA;"complete";"ortljg";NA;"computer";"Desktop or Laptop";"Windows 10";"Chrome 81.0.4044.138";"1366x768";"1349x768";"demographics done";"demographic";4;"BRAC2_vertAA_1st0";"Consents given";"exp done";"demographics done";"sex-quantised";"2"
4;1590501860349;"26/05/2020 14:04:20";1590501861743;2;"26/05/2020 16:04:21";17326;13;"questionnaire-b579";NA;5143770;"SD0";1450122;NA;"complete";"ortljg";NA;"computer";"Desktop or Laptop";"Windows 10";"Chrome 81.0.4044.138";"1366x768";"1349x768";"demographics done";"demographic";4;"BRAC2_vertAA_1st0";"Consents given";"exp done";"demographics done";"age";"20"
5;1590501860349;"26/05/2020 14:04:20";1590501861745;2;"26/05/2020 16:04:21";17326;13;"questionnaire-b579";NA;5143770;"SD0";1450122;NA;"complete";"ortljg";NA;"computer";"Desktop or Laptop";"Windows 10";"Chrome 81.0.4044.138";"1366x768";"1349x768";"demographics done";"demographic";4;"BRAC2_vertAA_1st0";"Consents given";"exp done";"demographics done";"response-2";"right-handed"
6;1590501860349;"26/05/2020 14:04:20";1590501861745;2;"26/05/2020 16:04:21";17326;13;"questionnaire-b579";NA;5143770;"SD0";1450122;NA;"complete";"ortljg";NA;"computer";"Desktop or Laptop";"Windows 10";"Chrome 81.0.4044.138";"1366x768";"1349x768";"demographics done";"demographic";4;"BRAC2_vertAA_1st0";"Consents given";"exp done";"demographics done";"response-2-quantised";"1"
7;1590501860349;"26/05/2020 14:04:20";1590501861746;2;"26/05/2020 16:04:21";17326;13;"questionnaire-b579";NA;5143770;"SD0";1450122;NA;"complete";"ortljg";NA;"computer";"Desktop or Laptop";"Windows 10";"Chrome 81.0.4044.138";"1366x768";"1349x768";"demographics done";"demographic";4;"BRAC2_vertAA_1st0";"Consents given";"exp done";"demographics done";"response-2-text";""
8;1590501860349;"26/05/2020 14:04:20";1590501861747;2;"26/05/2020 16:04:21";17326;13;"questionnaire-b579";NA;5143770;"SD0";1450122;NA;"complete";"ortljg";NA;"computer";"Desktop or Laptop";"Windows 10";"Chrome 81.0.4044.138";"1366x768";"1349x768";"demographics done";"demographic";4;"BRAC2_vertAA_1st0";"Consents given";"exp done";"demographics done";"response-3";"German"
9;1590501860349;"26/05/2020 14:04:20";1590501861748;2;"26/05/2020 16:04:21";17326;13;"questionnaire-b579";NA;5143770;"SD0";1450122;NA;"complete";"ortljg";NA;"computer";"Desktop or Laptop";"Windows 10";"Chrome 81.0.4044.138";"1366x768";"1349x768";"demographics done";"demographic";4;"BRAC2_vertAA_1st0";"Consents given";"exp done";"demographics done";"country";"Belgium"
10;1590501860349;"26/05/2020 14:04:20";1590501861748;2;"26/05/2020 16:04:21";17326;13;"questionnaire-b579";NA;5143770;"SD0";1450122;NA;"complete";"ortljg";NA;"computer";"Desktop or Laptop";"Windows 10";"Chrome 81.0.4044.138";"1366x768";"1349x768";"demographics done";"demographic";4;"BRAC2_vertAA_1st0";"Consents given";"exp done";"demographics done";"education";"High school diploma"
11;1590501860349;"26/05/2020 14:04:20";1590501861749;2;"26/05/2020 16:04:21";17326;13;"questionnaire-b579";NA;5143770;"SD0";1450122;NA;"complete";"ortljg";NA;"computer";"Desktop or Laptop";"Windows 10";"Chrome 81.0.4044.138";"1366x768";"1349x768";"demographics done";"demographic";4;"BRAC2_vertAA_1st0";"Consents given";"exp done";"demographics done";"education-quantised";"3"
12;1590501860349;"26/05/2020 14:04:20";1590501861750;2;"26/05/2020 16:04:21";17326;13;"questionnaire-b579";NA;5143770;"SD0";1450122;NA;"complete";"ortljg";NA;"computer";"Desktop or Laptop";"Windows 10";"Chrome 81.0.4044.138";"1366x768";"1349x768";"demographics done";"demographic";4;"BRAC2_vertAA_1st0";"Consents given";"exp done";"demographics done";"psyKnowledge";"Some knowledge as amateur"
13;1590501860349;"26/05/2020 14:04:20";1590501861751;2;"26/05/2020 16:04:21";17326;13;"questionnaire-b579";NA;5143770;"SD0";1450122;NA;"complete";"ortljg";NA;"computer";"Desktop or Laptop";"Windows 10";"Chrome 81.0.4044.138";"1366x768";"1349x768";"demographics done";"demographic";4;"BRAC2_vertAA_1st0";"Consents given";"exp done";"demographics done";"psyKnowledge-quantised";"2"
14;1590501860349;"26/05/2020 14:04:20";1590501861752;2;"26/05/2020 16:04:21";17326;13;"questionnaire-b579";NA;5143770;"SD0";1450122;NA;"complete";"ortljg";NA;"computer";"Desktop or Laptop";"Windows 10";"Chrome 81.0.4044.138";"1366x768";"1349x768";"demographics done";"demographic";4;"BRAC2_vertAA_1st0";"Consents given";"exp done";"demographics done";"comment";""
15;1590501860349;"26/05/2020 14:04:20";1590501861753;2;"26/05/2020 16:04:21";17326;13;"questionnaire-b579";NA;5143770;"SD0";1450122;NA;"complete";"ortljg";NA;"computer";"Desktop or Laptop";"Windows 10";"Chrome 81.0.4044.138";"1366x768";"1349x768";"demographics done";"demographic";4;"BRAC2_vertAA_1st0";"Consents given";"exp done";"demographics done";"END QUESTIONNAIRE";"75700"
1;1590515618573;"26/05/2020 17:53:38";1590515618487;2;"26/05/2020 19:53:38";17326;13;"questionnaire-b579";NA;5147075;"SF9";1450124;NA;"complete";"kvdptl";NA;"computer";"Desktop or Laptop";"Mac OS 10.15.4";"Safari 13.1";"1280x800";"889x626";"demographics done";"demographic";4;"BRAC2_horiLL_1st300";"Consents given";"exp done";"demographics done";"BEGIN QUESTIONNAIRE";""
2;1590515664905;"26/05/2020 17:54:24";1590515664728;2;"26/05/2020 19:54:24";17326;13;"questionnaire-b579";NA;5147075;"SF9";1450124;NA;"complete";"kvdptl";NA;"computer";"Desktop or Laptop";"Mac OS 10.15.4";"Safari 13.1";"1280x800";"889x626";"demographics done";"demographic";4;"BRAC2_horiLL_1st300";"Consents given";"exp done";"demographics done";"sex";"female"
3;1590515664984;"26/05/2020 17:54:24";1590515664730;2;"26/05/2020 19:54:24";17326;13;"questionnaire-b579";NA;5147075;"SF9";1450124;NA;"complete";"kvdptl";NA;"computer";"Desktop or Laptop";"Mac OS 10.15.4";"Safari 13.1";"1280x800";"889x626";"demographics done";"demographic";4;"BRAC2_horiLL_1st300";"Consents given";"exp done";"demographics done";"sex-quantised";"2"
4;1590515664984;"26/05/2020 17:54:24";1590515664730;2;"26/05/2020 19:54:24";17326;13;"questionnaire-b579";NA;5147075;"SF9";1450124;NA;"complete";"kvdptl";NA;"computer";"Desktop or Laptop";"Mac OS 10.15.4";"Safari 13.1";"1280x800";"889x626";"demographics done";"demographic";4;"BRAC2_horiLL_1st300";"Consents given";"exp done";"demographics done";"age";"21"
5;1590515664984;"26/05/2020 17:54:24";1590515664731;2;"26/05/2020 19:54:24";17326;13;"questionnaire-b579";NA;5147075;"SF9";1450124;NA;"complete";"kvdptl";NA;"computer";"Desktop or Laptop";"Mac OS 10.15.4";"Safari 13.1";"1280x800";"889x626";"demographics done";"demographic";4;"BRAC2_horiLL_1st300";"Consents given";"exp done";"demographics done";"response-2";"right-handed"
6;1590515664984;"26/05/2020 17:54:24";1590515664731;2;"26/05/2020 19:54:24";17326;13;"questionnaire-b579";NA;5147075;"SF9";1450124;NA;"complete";"kvdptl";NA;"computer";"Desktop or Laptop";"Mac OS 10.15.4";"Safari 13.1";"1280x800";"889x626";"demographics done";"demographic";4;"BRAC2_horiLL_1st300";"Consents given";"exp done";"demographics done";"response-2-quantised";"1"
7;1590515664984;"26/05/2020 17:54:24";1590515664731;2;"26/05/2020 19:54:24";17326;13;"questionnaire-b579";NA;5147075;"SF9";1450124;NA;"complete";"kvdptl";NA;"computer";"Desktop or Laptop";"Mac OS 10.15.4";"Safari 13.1";"1280x800";"889x626";"demographics done";"demographic";4;"BRAC2_horiLL_1st300";"Consents given";"exp done";"demographics done";"response-2-text";""
8;1590515664984;"26/05/2020 17:54:24";1590515664731;2;"26/05/2020 19:54:24";17326;13;"questionnaire-b579";NA;5147075;"SF9";1450124;NA;"complete";"kvdptl";NA;"computer";"Desktop or Laptop";"Mac OS 10.15.4";"Safari 13.1";"1280x800";"889x626";"demographics done";"demographic";4;"BRAC2_horiLL_1st300";"Consents given";"exp done";"demographics done";"END QUESTIONNAIRE";"46244"
9;1590515664984;"26/05/2020 17:54:24";1590515664731;2;"26/05/2020 19:54:24";17326;13;"questionnaire-b579";NA;5147075;"SF9";1450124;NA;"complete";"kvdptl";NA;"computer";"Desktop or Laptop";"Mac OS 10.15.4";"Safari 13.1";"1280x800";"889x626";"demographics done";"demographic";4;"BRAC2_horiLL_1st300";"Consents given";"exp done";"demographics done";"country";"Germany"
10;1590515664984;"26/05/2020 17:54:24";1590515664731;2;"26/05/2020 19:54:24";17326;13;"questionnaire-b579";NA;5147075;"SF9";1450124;NA;"complete";"kvdptl";NA;"computer";"Desktop or Laptop";"Mac OS 10.15.4";"Safari 13.1";"1280x800";"889x626";"demographics done";"demographic";4;"BRAC2_horiLL_1st300";"Consents given";"exp done";"demographics done";"education";"Some university/higher education but no degree"
11;1590515664984;"26/05/2020 17:54:24";1590515664731;2;"26/05/2020 19:54:24";17326;13;"questionnaire-b579";NA;5147075;"SF9";1450124;NA;"complete";"kvdptl";NA;"computer";"Desktop or Laptop";"Mac OS 10.15.4";"Safari 13.1";"1280x800";"889x626";"demographics done";"demographic";4;"BRAC2_horiLL_1st300";"Consents given";"exp done";"demographics done";"education-quantised";"4"
12;1590515664984;"26/05/2020 17:54:24";1590515664731;2;"26/05/2020 19:54:24";17326;13;"questionnaire-b579";NA;5147075;"SF9";1450124;NA;"complete";"kvdptl";NA;"computer";"Desktop or Laptop";"Mac OS 10.15.4";"Safari 13.1";"1280x800";"889x626";"demographics done";"demographic";4;"BRAC2_horiLL_1st300";"Consents given";"exp done";"demographics done";"psyKnowledge";"I've studied at least one of these disciplines (school or university)"
13;1590515664984;"26/05/2020 17:54:24";1590515664731;2;"26/05/2020 19:54:24";17326;13;"questionnaire-b579";NA;5147075;"SF9";1450124;NA;"complete";"kvdptl";NA;"computer";"Desktop or Laptop";"Mac OS 10.15.4";"Safari 13.1";"1280x800";"889x626";"demographics done";"demographic";4;"BRAC2_horiLL_1st300";"Consents given";"exp done";"demographics done";"psyKnowledge-quantised";"3"
14;1590515664984;"26/05/2020 17:54:24";1590515664731;2;"26/05/2020 19:54:24";17326;13;"questionnaire-b579";NA;5147075;"SF9";1450124;NA;"complete";"kvdptl";NA;"computer";"Desktop or Laptop";"Mac OS 10.15.4";"Safari 13.1";"1280x800";"889x626";"demographics done";"demographic";4;"BRAC2_horiLL_1st300";"Consents given";"exp done";"demographics done";"comment";""
15;1590515664984;"26/05/2020 17:54:24";1590515664731;2;"26/05/2020 19:54:24";17326;13;"questionnaire-b579";NA;5147075;"SF9";1450124;NA;"complete";"kvdptl";NA;"computer";"Desktop or Laptop";"Mac OS 10.15.4";"Safari 13.1";"1280x800";"889x626";"demographics done";"demographic";4;"BRAC2_horiLL_1st300";"Consents given";"exp done";"demographics done";"response-3";"german"
1;1590827767729;"30/05/2020 08:36:07";1590827768711;2;"30/05/2020 10:36:08";17326;13;"questionnaire-b579";NA;5216844;"AE8";1450115;NA;"complete";"gbsrim";NA;"computer";"Desktop or Laptop";"Windows 10";"Chrome 81.0.4044.138";"1536x864";"1536x722";"demographics done";"demographic";4;"BRAC2_horiLA_1st300";"Consents given";"exp done";"demographics done";"BEGIN QUESTIONNAIRE";""
2;1590827808765;"30/05/2020 08:36:48";1590827809781;2;"30/05/2020 10:36:49";17326;13;"questionnaire-b579";NA;5216844;"AE8";1450115;NA;"complete";"gbsrim";NA;"computer";"Desktop or Laptop";"Windows 10";"Chrome 81.0.4044.138";"1536x864";"1519x722";"demographics done";"demographic";4;"BRAC2_horiLA_1st300";"Consents given";"exp done";"demographics done";"sex";"female"
3;1590827808891;"30/05/2020 08:36:48";1590827809786;2;"30/05/2020 10:36:49";17326;13;"questionnaire-b579";NA;5216844;"AE8";1450115;NA;"complete";"gbsrim";NA;"computer";"Desktop or Laptop";"Windows 10";"Chrome 81.0.4044.138";"1536x864";"1519x722";"demographics done";"demographic";4;"BRAC2_horiLA_1st300";"Consents given";"exp done";"demographics done";"sex-quantised";"2"
4;1590827808891;"30/05/2020 08:36:48";1590827809787;2;"30/05/2020 10:36:49";17326;13;"questionnaire-b579";NA;5216844;"AE8";1450115;NA;"complete";"gbsrim";NA;"computer";"Desktop or Laptop";"Windows 10";"Chrome 81.0.4044.138";"1536x864";"1519x722";"demographics done";"demographic";4;"BRAC2_horiLA_1st300";"Consents given";"exp done";"demographics done";"age";"27"
5;1590827808891;"30/05/2020 08:36:48";1590827809788;2;"30/05/2020 10:36:49";17326;13;"questionnaire-b579";NA;5216844;"AE8";1450115;NA;"complete";"gbsrim";NA;"computer";"Desktop or Laptop";"Windows 10";"Chrome 81.0.4044.138";"1536x864";"1519x722";"demographics done";"demographic";4;"BRAC2_horiLA_1st300";"Consents given";"exp done";"demographics done";"response-2";"right-handed"
6;1590827808891;"30/05/2020 08:36:48";1590827809789;2;"30/05/2020 10:36:49";17326;13;"questionnaire-b579";NA;5216844;"AE8";1450115;NA;"complete";"gbsrim";NA;"computer";"Desktop or Laptop";"Windows 10";"Chrome 81.0.4044.138";"1536x864";"1519x722";"demographics done";"demographic";4;"BRAC2_horiLA_1st300";"Consents given";"exp done";"demographics done";"response-2-quantised";"1"
7;1590827808891;"30/05/2020 08:36:48";1590827809789;2;"30/05/2020 10:36:49";17326;13;"questionnaire-b579";NA;5216844;"AE8";1450115;NA;"complete";"gbsrim";NA;"computer";"Desktop or Laptop";"Windows 10";"Chrome 81.0.4044.138";"1536x864";"1519x722";"demographics done";"demographic";4;"BRAC2_horiLA_1st300";"Consents given";"exp done";"demographics done";"response-2-text";""
8;1590827808891;"30/05/2020 08:36:48";1590827809790;2;"30/05/2020 10:36:49";17326;13;"questionnaire-b579";NA;5216844;"AE8";1450115;NA;"complete";"gbsrim";NA;"computer";"Desktop or Laptop";"Windows 10";"Chrome 81.0.4044.138";"1536x864";"1519x722";"demographics done";"demographic";4;"BRAC2_horiLA_1st300";"Consents given";"exp done";"demographics done";"response-3";""
9;1590827808891;"30/05/2020 08:36:48";1590827809790;2;"30/05/2020 10:36:49";17326;13;"questionnaire-b579";NA;5216844;"AE8";1450115;NA;"complete";"gbsrim";NA;"computer";"Desktop or Laptop";"Windows 10";"Chrome 81.0.4044.138";"1536x864";"1519x722";"demographics done";"demographic";4;"BRAC2_horiLA_1st300";"Consents given";"exp done";"demographics done";"country";"Germany"
10;1590827808891;"30/05/2020 08:36:48";1590827809791;2;"30/05/2020 10:36:49";17326;13;"questionnaire-b579";NA;5216844;"AE8";1450115;NA;"complete";"gbsrim";NA;"computer";"Desktop or Laptop";"Windows 10";"Chrome 81.0.4044.138";"1536x864";"1519x722";"demographics done";"demographic";4;"BRAC2_horiLA_1st300";"Consents given";"exp done";"demographics done";"education";"Bachelor degree"
11;1590827808891;"30/05/2020 08:36:48";1590827809791;2;"30/05/2020 10:36:49";17326;13;"questionnaire-b579";NA;5216844;"AE8";1450115;NA;"complete";"gbsrim";NA;"computer";"Desktop or Laptop";"Windows 10";"Chrome 81.0.4044.138";"1536x864";"1519x722";"demographics done";"demographic";4;"BRAC2_horiLA_1st300";"Consents given";"exp done";"demographics done";"education-quantised";"5"
12;1590827808891;"30/05/2020 08:36:48";1590827809791;2;"30/05/2020 10:36:49";17326;13;"questionnaire-b579";NA;5216844;"AE8";1450115;NA;"complete";"gbsrim";NA;"computer";"Desktop or Laptop";"Windows 10";"Chrome 81.0.4044.138";"1536x864";"1519x722";"demographics done";"demographic";4;"BRAC2_horiLA_1st300";"Consents given";"exp done";"demographics done";"psyKnowledge";"I've studied at least one of these disciplines (school or university)"
13;1590827808891;"30/05/2020 08:36:48";1590827809792;2;"30/05/2020 10:36:49";17326;13;"questionnaire-b579";NA;5216844;"AE8";1450115;NA;"complete";"gbsrim";NA;"computer";"Desktop or Laptop";"Windows 10";"Chrome 81.0.4044.138";"1536x864";"1519x722";"demographics done";"demographic";4;"BRAC2_horiLA_1st300";"Consents given";"exp done";"demographics done";"psyKnowledge-quantised";"3"
14;1590827808891;"30/05/2020 08:36:48";1590827809792;2;"30/05/2020 10:36:49";17326;13;"questionnaire-b579";NA;5216844;"AE8";1450115;NA;"complete";"gbsrim";NA;"computer";"Desktop or Laptop";"Windows 10";"Chrome 81.0.4044.138";"1536x864";"1519x722";"demographics done";"demographic";4;"BRAC2_horiLA_1st300";"Consents given";"exp done";"demographics done";"comment";""
15;1590827808891;"30/05/2020 08:36:48";1590827809793;2;"30/05/2020 10:36:49";17326;13;"questionnaire-b579";NA;5216844;"AE8";1450115;NA;"complete";"gbsrim";NA;"computer";"Desktop or Laptop";"Windows 10";"Chrome 81.0.4044.138";"1536x864";"1519x722";"demographics done";"demographic";4;"BRAC2_horiLA_1st300";"Consents given";"exp done";"demographics done";"END QUESTIONNAIRE";"41083"
1;1592403258201;"17/06/2020 14:14:18";1592403258078;2;"17/06/2020 16:14:18";17326;13;"questionnaire-b579";NA;5670205;"BU9";1555240;NA;"complete";"bhcsan";NA;"computer";"Desktop or Laptop";"Mac OS 10.13.6";"Safari 13.1.1";"1440x900";"1440x744";"demographics done";"demographic";4;"BRAC2_vertLL_1st0";"Consents given";"exp done";"demographics done";"BEGIN QUESTIONNAIRE";""
2;1592403364287;"17/06/2020 14:16:04";1592403364065;2;"17/06/2020 16:16:04";17326;13;"questionnaire-b579";NA;5670205;"BU9";1555240;NA;"complete";"bhcsan";NA;"computer";"Desktop or Laptop";"Mac OS 10.13.6";"Safari 13.1.1";"1440x900";"1440x744";"demographics done";"demographic";4;"BRAC2_vertLL_1st0";"Consents given";"exp done";"demographics done";"sex";"male"
3;1592403364818;"17/06/2020 14:16:04";1592403364068;2;"17/06/2020 16:16:04";17326;13;"questionnaire-b579";NA;5670205;"BU9";1555240;NA;"complete";"bhcsan";NA;"computer";"Desktop or Laptop";"Mac OS 10.13.6";"Safari 13.1.1";"1440x900";"1440x744";"demographics done";"demographic";4;"BRAC2_vertLL_1st0";"Consents given";"exp done";"demographics done";"sex-quantised";"1"
4;1592403364818;"17/06/2020 14:16:04";1592403364068;2;"17/06/2020 16:16:04";17326;13;"questionnaire-b579";NA;5670205;"BU9";1555240;NA;"complete";"bhcsan";NA;"computer";"Desktop or Laptop";"Mac OS 10.13.6";"Safari 13.1.1";"1440x900";"1440x744";"demographics done";"demographic";4;"BRAC2_vertLL_1st0";"Consents given";"exp done";"demographics done";"age";"28"
5;1592403364818;"17/06/2020 14:16:04";1592403364068;2;"17/06/2020 16:16:04";17326;13;"questionnaire-b579";NA;5670205;"BU9";1555240;NA;"complete";"bhcsan";NA;"computer";"Desktop or Laptop";"Mac OS 10.13.6";"Safari 13.1.1";"1440x900";"1440x744";"demographics done";"demographic";4;"BRAC2_vertLL_1st0";"Consents given";"exp done";"demographics done";"response-2";"right-handed"
6;1592403364818;"17/06/2020 14:16:04";1592403364068;2;"17/06/2020 16:16:04";17326;13;"questionnaire-b579";NA;5670205;"BU9";1555240;NA;"complete";"bhcsan";NA;"computer";"Desktop or Laptop";"Mac OS 10.13.6";"Safari 13.1.1";"1440x900";"1440x744";"demographics done";"demographic";4;"BRAC2_vertLL_1st0";"Consents given";"exp done";"demographics done";"response-2-quantised";"1"
7;1592403364818;"17/06/2020 14:16:04";1592403364069;2;"17/06/2020 16:16:04";17326;13;"questionnaire-b579";NA;5670205;"BU9";1555240;NA;"complete";"bhcsan";NA;"computer";"Desktop or Laptop";"Mac OS 10.13.6";"Safari 13.1.1";"1440x900";"1440x744";"demographics done";"demographic";4;"BRAC2_vertLL_1st0";"Consents given";"exp done";"demographics done";"response-2-text";""
8;1592403364818;"17/06/2020 14:16:04";1592403364069;2;"17/06/2020 16:16:04";17326;13;"questionnaire-b579";NA;5670205;"BU9";1555240;NA;"complete";"bhcsan";NA;"computer";"Desktop or Laptop";"Mac OS 10.13.6";"Safari 13.1.1";"1440x900";"1440x744";"demographics done";"demographic";4;"BRAC2_vertLL_1st0";"Consents given";"exp done";"demographics done";"response-3";"German"
9;1592403364818;"17/06/2020 14:16:04";1592403364069;2;"17/06/2020 16:16:04";17326;13;"questionnaire-b579";NA;5670205;"BU9";1555240;NA;"complete";"bhcsan";NA;"computer";"Desktop or Laptop";"Mac OS 10.13.6";"Safari 13.1.1";"1440x900";"1440x744";"demographics done";"demographic";4;"BRAC2_vertLL_1st0";"Consents given";"exp done";"demographics done";"country";"Germany"
10;1592403364818;"17/06/2020 14:16:04";1592403364069;2;"17/06/2020 16:16:04";17326;13;"questionnaire-b579";NA;5670205;"BU9";1555240;NA;"complete";"bhcsan";NA;"computer";"Desktop or Laptop";"Mac OS 10.13.6";"Safari 13.1.1";"1440x900";"1440x744";"demographics done";"demographic";4;"BRAC2_vertLL_1st0";"Consents given";"exp done";"demographics done";"education";"Some university/higher education but no degree"
11;1592403364818;"17/06/2020 14:16:04";1592403364070;2;"17/06/2020 16:16:04";17326;13;"questionnaire-b579";NA;5670205;"BU9";1555240;NA;"complete";"bhcsan";NA;"computer";"Desktop or Laptop";"Mac OS 10.13.6";"Safari 13.1.1";"1440x900";"1440x744";"demographics done";"demographic";4;"BRAC2_vertLL_1st0";"Consents given";"exp done";"demographics done";"education-quantised";"4"
12;1592403364818;"17/06/2020 14:16:04";1592403364070;2;"17/06/2020 16:16:04";17326;13;"questionnaire-b579";NA;5670205;"BU9";1555240;NA;"complete";"bhcsan";NA;"computer";"Desktop or Laptop";"Mac OS 10.13.6";"Safari 13.1.1";"1440x900";"1440x744";"demographics done";"demographic";4;"BRAC2_vertLL_1st0";"Consents given";"exp done";"demographics done";"psyKnowledge";"I've studied at least one of these disciplines (school or university)"
13;1592403364818;"17/06/2020 14:16:04";1592403364071;2;"17/06/2020 16:16:04";17326;13;"questionnaire-b579";NA;5670205;"BU9";1555240;NA;"complete";"bhcsan";NA;"computer";"Desktop or Laptop";"Mac OS 10.13.6";"Safari 13.1.1";"1440x900";"1440x744";"demographics done";"demographic";4;"BRAC2_vertLL_1st0";"Consents given";"exp done";"demographics done";"psyKnowledge-quantised";"3"
14;1592403364818;"17/06/2020 14:16:04";1592403364071;2;"17/06/2020 16:16:04";17326;13;"questionnaire-b579";NA;5670205;"BU9";1555240;NA;"complete";"bhcsan";NA;"computer";"Desktop or Laptop";"Mac OS 10.13.6";"Safari 13.1.1";"1440x900";"1440x744";"demographics done";"demographic";4;"BRAC2_vertLL_1st0";"Consents given";"exp done";"demographics done";"comment";""
15;1592403364818;"17/06/2020 14:16:04";1592403364072;2;"17/06/2020 16:16:04";17326;13;"questionnaire-b579";NA;5670205;"BU9";1555240;NA;"complete";"bhcsan";NA;"computer";"Desktop or Laptop";"Mac OS 10.13.6";"Safari 13.1.1";"1440x900";"1440x744";"demographics done";"demographic";4;"BRAC2_vertLL_1st0";"Consents given";"exp done";"demographics done";"END QUESTIONNAIRE";"105994"
1;1592560669894;"19/06/2020 09:57:49";1592560671173;2;"19/06/2020 11:57:51";17326;13;"questionnaire-b579";NA;5699762;"PD1";1454117;NA;"complete";"bidqrp";NA;"computer";"Desktop or Laptop";"Windows 10";"Chrome 83.0.4103.97";"1920x1080";"1920x969";"demographics done";"demographic";4;"BRAC2_horiAA_1st0";"Consents given";"exp done";"demographics done";"BEGIN QUESTIONNAIRE";""
2;1592560707055;"19/06/2020 09:58:27";1592560708379;2;"19/06/2020 11:58:28";17326;13;"questionnaire-b579";NA;5699762;"PD1";1454117;NA;"complete";"bidqrp";NA;"computer";"Desktop or Laptop";"Windows 10";"Chrome 83.0.4103.97";"1920x1080";"1903x969";"demographics done";"demographic";4;"BRAC2_horiAA_1st0";"Consents given";"exp done";"demographics done";"sex";"female"
3;1592560707226;"19/06/2020 09:58:27";1592560708381;2;"19/06/2020 11:58:28";17326;13;"questionnaire-b579";NA;5699762;"PD1";1454117;NA;"complete";"bidqrp";NA;"computer";"Desktop or Laptop";"Windows 10";"Chrome 83.0.4103.97";"1920x1080";"1903x969";"demographics done";"demographic";4;"BRAC2_horiAA_1st0";"Consents given";"exp done";"demographics done";"sex-quantised";"2"
4;1592560707226;"19/06/2020 09:58:27";1592560708381;2;"19/06/2020 11:58:28";17326;13;"questionnaire-b579";NA;5699762;"PD1";1454117;NA;"complete";"bidqrp";NA;"computer";"Desktop or Laptop";"Windows 10";"Chrome 83.0.4103.97";"1920x1080";"1903x969";"demographics done";"demographic";4;"BRAC2_horiAA_1st0";"Consents given";"exp done";"demographics done";"age";"23"
5;1592560707226;"19/06/2020 09:58:27";1592560708382;2;"19/06/2020 11:58:28";17326;13;"questionnaire-b579";NA;5699762;"PD1";1454117;NA;"complete";"bidqrp";NA;"computer";"Desktop or Laptop";"Windows 10";"Chrome 83.0.4103.97";"1920x1080";"1903x969";"demographics done";"demographic";4;"BRAC2_horiAA_1st0";"Consents given";"exp done";"demographics done";"response-2";"right-handed"
6;1592560707226;"19/06/2020 09:58:27";1592560708382;2;"19/06/2020 11:58:28";17326;13;"questionnaire-b579";NA;5699762;"PD1";1454117;NA;"complete";"bidqrp";NA;"computer";"Desktop or Laptop";"Windows 10";"Chrome 83.0.4103.97";"1920x1080";"1903x969";"demographics done";"demographic";4;"BRAC2_horiAA_1st0";"Consents given";"exp done";"demographics done";"response-2-quantised";"1"
7;1592560707226;"19/06/2020 09:58:27";1592560708382;2;"19/06/2020 11:58:28";17326;13;"questionnaire-b579";NA;5699762;"PD1";1454117;NA;"complete";"bidqrp";NA;"computer";"Desktop or Laptop";"Windows 10";"Chrome 83.0.4103.97";"1920x1080";"1903x969";"demographics done";"demographic";4;"BRAC2_horiAA_1st0";"Consents given";"exp done";"demographics done";"response-2-text";""
8;1592560707226;"19/06/2020 09:58:27";1592560708382;2;"19/06/2020 11:58:28";17326;13;"questionnaire-b579";NA;5699762;"PD1";1454117;NA;"complete";"bidqrp";NA;"computer";"Desktop or Laptop";"Windows 10";"Chrome 83.0.4103.97";"1920x1080";"1903x969";"demographics done";"demographic";4;"BRAC2_horiAA_1st0";"Consents given";"exp done";"demographics done";"response-3";"German"
9;1592560707226;"19/06/2020 09:58:27";1592560708382;2;"19/06/2020 11:58:28";17326;13;"questionnaire-b579";NA;5699762;"PD1";1454117;NA;"complete";"bidqrp";NA;"computer";"Desktop or Laptop";"Windows 10";"Chrome 83.0.4103.97";"1920x1080";"1903x969";"demographics done";"demographic";4;"BRAC2_horiAA_1st0";"Consents given";"exp done";"demographics done";"country";"Germany"
10;1592560707226;"19/06/2020 09:58:27";1592560708382;2;"19/06/2020 11:58:28";17326;13;"questionnaire-b579";NA;5699762;"PD1";1454117;NA;"complete";"bidqrp";NA;"computer";"Desktop or Laptop";"Windows 10";"Chrome 83.0.4103.97";"1920x1080";"1903x969";"demographics done";"demographic";4;"BRAC2_horiAA_1st0";"Consents given";"exp done";"demographics done";"education";"High school diploma"
11;1592560707226;"19/06/2020 09:58:27";1592560708382;2;"19/06/2020 11:58:28";17326;13;"questionnaire-b579";NA;5699762;"PD1";1454117;NA;"complete";"bidqrp";NA;"computer";"Desktop or Laptop";"Windows 10";"Chrome 83.0.4103.97";"1920x1080";"1903x969";"demographics done";"demographic";4;"BRAC2_horiAA_1st0";"Consents given";"exp done";"demographics done";"education-quantised";"3"
12;1592560707226;"19/06/2020 09:58:27";1592560708382;2;"19/06/2020 11:58:28";17326;13;"questionnaire-b579";NA;5699762;"PD1";1454117;NA;"complete";"bidqrp";NA;"computer";"Desktop or Laptop";"Windows 10";"Chrome 83.0.4103.97";"1920x1080";"1903x969";"demographics done";"demographic";4;"BRAC2_horiAA_1st0";"Consents given";"exp done";"demographics done";"psyKnowledge";"I've studied at least one of these disciplines (school or university)"
13;1592560707226;"19/06/2020 09:58:27";1592560708382;2;"19/06/2020 11:58:28";17326;13;"questionnaire-b579";NA;5699762;"PD1";1454117;NA;"complete";"bidqrp";NA;"computer";"Desktop or Laptop";"Windows 10";"Chrome 83.0.4103.97";"1920x1080";"1903x969";"demographics done";"demographic";4;"BRAC2_horiAA_1st0";"Consents given";"exp done";"demographics done";"psyKnowledge-quantised";"3"
14;1592560707226;"19/06/2020 09:58:27";1592560708383;2;"19/06/2020 11:58:28";17326;13;"questionnaire-b579";NA;5699762;"PD1";1454117;NA;"complete";"bidqrp";NA;"computer";"Desktop or Laptop";"Windows 10";"Chrome 83.0.4103.97";"1920x1080";"1903x969";"demographics done";"demographic";4;"BRAC2_horiAA_1st0";"Consents given";"exp done";"demographics done";"comment";""
15;1592560707226;"19/06/2020 09:58:27";1592560708383;2;"19/06/2020 11:58:28";17326;13;"questionnaire-b579";NA;5699762;"PD1";1454117;NA;"complete";"bidqrp";NA;"computer";"Desktop or Laptop";"Windows 10";"Chrome 83.0.4103.97";"1920x1080";"1903x969";"demographics done";"demographic";4;"BRAC2_horiAA_1st0";"Consents given";"exp done";"demographics done";"END QUESTIONNAIRE";"37210"
1;1589788078684;"18/05/2020 07:47:58";1589788078593;2;"18/05/2020 09:47:58";17326;8;"questionnaire-89vf";NA;4996161;"NY3";1414591;NA;"complete";"ifjiel";NA;"computer";"Desktop or Laptop";"Mac OS 10.15.4";"Safari 13.1";"1440x900";"1440x812";"demographics done";"demographic";2;"BRAC2_vertLA_1st300";"Consents given";"exp done";"demographics done";"BEGIN QUESTIONNAIRE";""
2;1589788124146;"18/05/2020 07:48:44";1589788124096;2;"18/05/2020 09:48:44";17326;8;"questionnaire-89vf";NA;4996161;"NY3";1414591;NA;"complete";"ifjiel";NA;"computer";"Desktop or Laptop";"Mac OS 10.15.4";"Safari 13.1";"1440x900";"1440x812";"demographics done";"demographic";2;"BRAC2_vertLA_1st300";"Consents given";"exp done";"demographics done";"sex";"female"
3;1589788124209;"18/05/2020 07:48:44";1589788124097;2;"18/05/2020 09:48:44";17326;8;"questionnaire-89vf";NA;4996161;"NY3";1414591;NA;"complete";"ifjiel";NA;"computer";"Desktop or Laptop";"Mac OS 10.15.4";"Safari 13.1";"1440x900";"1440x812";"demographics done";"demographic";2;"BRAC2_vertLA_1st300";"Consents given";"exp done";"demographics done";"sex-quantised";"2"
4;1589788124209;"18/05/2020 07:48:44";1589788124098;2;"18/05/2020 09:48:44";17326;8;"questionnaire-89vf";NA;4996161;"NY3";1414591;NA;"complete";"ifjiel";NA;"computer";"Desktop or Laptop";"Mac OS 10.15.4";"Safari 13.1";"1440x900";"1440x812";"demographics done";"demographic";2;"BRAC2_vertLA_1st300";"Consents given";"exp done";"demographics done";"age";"24"
5;1589788124209;"18/05/2020 07:48:44";1589788124098;2;"18/05/2020 09:48:44";17326;8;"questionnaire-89vf";NA;4996161;"NY3";1414591;NA;"complete";"ifjiel";NA;"computer";"Desktop or Laptop";"Mac OS 10.15.4";"Safari 13.1";"1440x900";"1440x812";"demographics done";"demographic";2;"BRAC2_vertLA_1st300";"Consents given";"exp done";"demographics done";"response-2";"right-handed"
6;1589788124209;"18/05/2020 07:48:44";1589788124098;2;"18/05/2020 09:48:44";17326;8;"questionnaire-89vf";NA;4996161;"NY3";1414591;NA;"complete";"ifjiel";NA;"computer";"Desktop or Laptop";"Mac OS 10.15.4";"Safari 13.1";"1440x900";"1440x812";"demographics done";"demographic";2;"BRAC2_vertLA_1st300";"Consents given";"exp done";"demographics done";"response-2-quantised";"1"
7;1589788124209;"18/05/2020 07:48:44";1589788124098;2;"18/05/2020 09:48:44";17326;8;"questionnaire-89vf";NA;4996161;"NY3";1414591;NA;"complete";"ifjiel";NA;"computer";"Desktop or Laptop";"Mac OS 10.15.4";"Safari 13.1";"1440x900";"1440x812";"demographics done";"demographic";2;"BRAC2_vertLA_1st300";"Consents given";"exp done";"demographics done";"response-3";"German"
8;1589788124209;"18/05/2020 07:48:44";1589788124098;2;"18/05/2020 09:48:44";17326;8;"questionnaire-89vf";NA;4996161;"NY3";1414591;NA;"complete";"ifjiel";NA;"computer";"Desktop or Laptop";"Mac OS 10.15.4";"Safari 13.1";"1440x900";"1440x812";"demographics done";"demographic";2;"BRAC2_vertLA_1st300";"Consents given";"exp done";"demographics done";"END QUESTIONNAIRE";"45505"
9;1589788124209;"18/05/2020 07:48:44";1589788124098;2;"18/05/2020 09:48:44";17326;8;"questionnaire-89vf";NA;4996161;"NY3";1414591;NA;"complete";"ifjiel";NA;"computer";"Desktop or Laptop";"Mac OS 10.15.4";"Safari 13.1";"1440x900";"1440x812";"demographics done";"demographic";2;"BRAC2_vertLA_1st300";"Consents given";"exp done";"demographics done";"education";"Some university/higher education but no degree"
10;1589788124209;"18/05/2020 07:48:44";1589788124098;2;"18/05/2020 09:48:44";17326;8;"questionnaire-89vf";NA;4996161;"NY3";1414591;NA;"complete";"ifjiel";NA;"computer";"Desktop or Laptop";"Mac OS 10.15.4";"Safari 13.1";"1440x900";"1440x812";"demographics done";"demographic";2;"BRAC2_vertLA_1st300";"Consents given";"exp done";"demographics done";"education-quantised";"4"
11;1589788124209;"18/05/2020 07:48:44";1589788124098;2;"18/05/2020 09:48:44";17326;8;"questionnaire-89vf";NA;4996161;"NY3";1414591;NA;"complete";"ifjiel";NA;"computer";"Desktop or Laptop";"Mac OS 10.15.4";"Safari 13.1";"1440x900";"1440x812";"demographics done";"demographic";2;"BRAC2_vertLA_1st300";"Consents given";"exp done";"demographics done";"psyKnowledge";"I've studied at least one of these disciplines (school or university)"
12;1589788124209;"18/05/2020 07:48:44";1589788124098;2;"18/05/2020 09:48:44";17326;8;"questionnaire-89vf";NA;4996161;"NY3";1414591;NA;"complete";"ifjiel";NA;"computer";"Desktop or Laptop";"Mac OS 10.15.4";"Safari 13.1";"1440x900";"1440x812";"demographics done";"demographic";2;"BRAC2_vertLA_1st300";"Consents given";"exp done";"demographics done";"psyKnowledge-quantised";"3"
13;1589788124209;"18/05/2020 07:48:44";1589788124098;2;"18/05/2020 09:48:44";17326;8;"questionnaire-89vf";NA;4996161;"NY3";1414591;NA;"complete";"ifjiel";NA;"computer";"Desktop or Laptop";"Mac OS 10.15.4";"Safari 13.1";"1440x900";"1440x812";"demographics done";"demographic";2;"BRAC2_vertLA_1st300";"Consents given";"exp done";"demographics done";"comment";""
