;display;magnMap;parMap;greatMap;lessMap;oddMap;evenMap;firstFig;secondFig;cuecolor;framecolor;orientation;stimulus;cueFileName;stimFileName;task;ANSWER;cocoa;cue0FileName;blockN;trialN;breakMessage;mappingsGuide
0;Instructions;## When the rectangle is vertical, your task is to tell whether the number is greater or less than 5.;## When the rectangle is horizontal, your task is to tell whether the number is odd or even.;## Press L to indicate greater than 5.;## Press A to indicate less than 5.;## Press L to indicate odd.;## Press A to indicate even.;blackblackvert.png;blackblackhori.png;;;;;;;;;;;;;;vertLL.png
1;training;;;;;;;;;black;black;vert;8;blackblackvert.png;blackblackvert8.png;magnit;L;;;;;;vertLL.png
2;training;;;;;;;;;black;black;vert;4;blackblackvert.png;blackblackvert4.png;magnit;A;;;;;;vertLL.png
3;training;;;;;;;;;black;black;hori;9;blackblackhori.png;blackblackhori9.png;parity;L;;;;;;vertLL.png
4;training;;;;;;;;;black;black;hori;2;blackblackhori.png;blackblackhori2.png;parity;A;;;;;;vertLL.png
5;training;;;;;;;;;black;black;hori;1;blackblackhori.png;blackblackhori1.png;parity;L;;;;;;vertLL.png
6;training;;;;;;;;;black;black;hori;3;blackblackhori.png;blackblackhori3.png;parity;L;;;;;;vertLL.png
7;training;;;;;;;;;black;black;vert;2;blackblackvert.png;blackblackvert2.png;magnit;A;;;;;;vertLL.png
8;training;;;;;;;;;black;black;vert;3;blackblackvert.png;blackblackvert3.png;magnit;A;;;;;;vertLL.png
9;training;;;;;;;;;black;black;vert;9;blackblackvert.png;blackblackvert9.png;magnit;L;;;;;;vertLL.png
10;training;;;;;;;;;black;black;hori;7;blackblackhori.png;blackblackhori7.png;parity;L;;;;;;vertLL.png
11;training;;;;;;;;;black;black;hori;8;blackblackhori.png;blackblackhori8.png;parity;A;;;;;;vertLL.png
12;training;;;;;;;;;black;black;hori;6;blackblackhori.png;blackblackhori6.png;parity;A;;;;;;vertLL.png
13;training;;;;;;;;;black;black;vert;7;blackblackvert.png;blackblackvert7.png;magnit;L;;;;;;vertLL.png
14;training;;;;;;;;;black;black;hori;4;blackblackhori.png;blackblackhori4.png;parity;A;;;;;;vertLL.png
15;training;;;;;;;;;black;black;vert;6;blackblackvert.png;blackblackvert6.png;magnit;L;;;;;;vertLL.png
16;training;;;;;;;;;black;black;vert;1;blackblackvert.png;blackblackvert1.png;magnit;A;;;;;;vertLL.png
17;start;;;;;;;;;;;;;;;;;;;;;;vertLL.png
18;trial;;;;;;;;;black;blue;hori;7;blackbluehori.png;blackbluehori7.png;parity;L;300;blackblackhori.png;0.0;0.0;;vertLL.png
19;trial;;;;;;;;;black;blue;vert;4;blackbluevert.png;blackbluevert4.png;magnit;A;300;blackblackvert.png;0.0;1.0;;vertLL.png
20;trial;;;;;;;;;black;blue;hori;8;blackbluehori.png;blackbluehori8.png;parity;A;300;blackblackhori.png;0.0;2.0;;vertLL.png
21;trial;;;;;;;;;black;red;vert;6;blackredvert.png;blackredvert6.png;magnit;L;300;blackblackvert.png;0.0;3.0;;vertLL.png
22;trial;;;;;;;;;black;red;hori;8;blackredhori.png;blackredhori8.png;parity;A;300;blackblackhori.png;0.0;4.0;;vertLL.png
23;trial;;;;;;;;;black;blue;hori;3;blackbluehori.png;blackbluehori3.png;parity;L;300;blackblackhori.png;0.0;5.0;;vertLL.png
24;trial;;;;;;;;;black;blue;vert;9;blackbluevert.png;blackbluevert9.png;magnit;L;300;blackblackvert.png;0.0;6.0;;vertLL.png
25;trial;;;;;;;;;black;red;vert;7;blackredvert.png;blackredvert7.png;magnit;L;300;blackblackvert.png;0.0;7.0;;vertLL.png
26;trial;;;;;;;;;black;red;hori;6;blackredhori.png;blackredhori6.png;parity;A;300;blackblackhori.png;0.0;8.0;;vertLL.png
27;trial;;;;;;;;;black;blue;vert;1;blackbluevert.png;blackbluevert1.png;magnit;A;300;blackblackvert.png;0.0;9.0;;vertLL.png
28;trial;;;;;;;;;black;blue;hori;6;blackbluehori.png;blackbluehori6.png;parity;A;300;blackblackhori.png;0.0;10.0;;vertLL.png
29;trial;;;;;;;;;black;red;vert;3;blackredvert.png;blackredvert3.png;magnit;A;300;blackblackvert.png;0.0;11.0;;vertLL.png
30;trial;;;;;;;;;black;red;hori;7;blackredhori.png;blackredhori7.png;parity;L;300;blackblackhori.png;0.0;12.0;;vertLL.png
31;trial;;;;;;;;;black;red;vert;6;blackredvert.png;blackredvert6.png;magnit;L;300;blackblackvert.png;0.0;13.0;;vertLL.png
32;trial;;;;;;;;;black;red;hori;4;blackredhori.png;blackredhori4.png;parity;A;300;blackblackhori.png;0.0;14.0;;vertLL.png
33;trial;;;;;;;;;black;red;vert;6;blackredvert.png;blackredvert6.png;magnit;L;300;blackblackvert.png;0.0;15.0;;vertLL.png
34;trial;;;;;;;;;black;red;vert;7;blackredvert.png;blackredvert7.png;magnit;L;300;blackblackvert.png;0.0;16.0;;vertLL.png
35;trial;;;;;;;;;black;red;vert;1;blackredvert.png;blackredvert1.png;magnit;A;300;blackblackvert.png;0.0;17.0;;vertLL.png
36;trial;;;;;;;;;black;red;hori;7;blackredhori.png;blackredhori7.png;parity;L;300;blackblackhori.png;0.0;18.0;;vertLL.png
37;trial;;;;;;;;;black;red;vert;4;blackredvert.png;blackredvert4.png;magnit;A;300;blackblackvert.png;0.0;19.0;;vertLL.png
38;trial;;;;;;;;;black;red;vert;7;blackredvert.png;blackredvert7.png;magnit;L;300;blackblackvert.png;0.0;20.0;;vertLL.png
39;trial;;;;;;;;;black;red;vert;9;blackredvert.png;blackredvert9.png;magnit;L;300;blackblackvert.png;0.0;21.0;;vertLL.png
40;trial;;;;;;;;;black;blue;vert;7;blackbluevert.png;blackbluevert7.png;magnit;L;300;blackblackvert.png;0.0;22.0;;vertLL.png
41;trial;;;;;;;;;black;blue;vert;8;blackbluevert.png;blackbluevert8.png;magnit;L;300;blackblackvert.png;0.0;23.0;;vertLL.png
42;trial;;;;;;;;;black;blue;vert;1;blackbluevert.png;blackbluevert1.png;magnit;A;300;blackblackvert.png;0.0;24.0;;vertLL.png
43;trial;;;;;;;;;black;red;vert;2;blackredvert.png;blackredvert2.png;magnit;A;300;blackblackvert.png;0.0;25.0;;vertLL.png
44;trial;;;;;;;;;black;blue;vert;9;blackbluevert.png;blackbluevert9.png;magnit;L;300;blackblackvert.png;0.0;26.0;;vertLL.png
45;trial;;;;;;;;;black;red;hori;6;blackredhori.png;blackredhori6.png;parity;A;300;blackblackhori.png;0.0;27.0;;vertLL.png
46;trial;;;;;;;;;black;red;vert;9;blackredvert.png;blackredvert9.png;magnit;L;300;blackblackvert.png;0.0;28.0;;vertLL.png
47;trial;;;;;;;;;black;blue;vert;3;blackbluevert.png;blackbluevert3.png;magnit;A;300;blackblackvert.png;0.0;29.0;;vertLL.png
48;trial;;;;;;;;;black;red;hori;1;blackredhori.png;blackredhori1.png;parity;L;300;blackblackhori.png;0.0;30.0;;vertLL.png
49;trial;;;;;;;;;black;blue;hori;4;blackbluehori.png;blackbluehori4.png;parity;A;300;blackblackhori.png;0.0;31.0;;vertLL.png
50;trial;;;;;;;;;black;red;hori;3;blackredhori.png;blackredhori3.png;parity;L;300;blackblackhori.png;0.0;32.0;;vertLL.png
51;trial;;;;;;;;;black;blue;vert;2;blackbluevert.png;blackbluevert2.png;magnit;A;300;blackblackvert.png;0.0;33.0;;vertLL.png
52;trial;;;;;;;;;black;blue;vert;3;blackbluevert.png;blackbluevert3.png;magnit;A;300;blackblackvert.png;0.0;34.0;;vertLL.png
53;trial;;;;;;;;;black;red;vert;8;blackredvert.png;blackredvert8.png;magnit;L;300;blackblackvert.png;0.0;35.0;;vertLL.png
54;trial;;;;;;;;;black;red;hori;3;blackredhori.png;blackredhori3.png;parity;L;300;blackblackhori.png;0.0;36.0;;vertLL.png
55;trial;;;;;;;;;black;blue;hori;8;blackbluehori.png;blackbluehori8.png;parity;A;300;blackblackhori.png;0.0;37.0;;vertLL.png
56;trial;;;;;;;;;black;blue;vert;7;blackbluevert.png;blackbluevert7.png;magnit;L;300;blackblackvert.png;0.0;38.0;;vertLL.png
57;trial;;;;;;;;;black;red;vert;1;blackredvert.png;blackredvert1.png;magnit;A;300;blackblackvert.png;0.0;39.0;;vertLL.png
58;trial;;;;;;;;;black;blue;vert;6;blackbluevert.png;blackbluevert6.png;magnit;L;300;blackblackvert.png;0.0;40.0;;vertLL.png
59;trial;;;;;;;;;black;red;vert;8;blackredvert.png;blackredvert8.png;magnit;L;300;blackblackvert.png;0.0;41.0;;vertLL.png
60;trial;;;;;;;;;black;red;vert;2;blackredvert.png;blackredvert2.png;magnit;A;300;blackblackvert.png;0.0;42.0;;vertLL.png
61;trial;;;;;;;;;black;blue;hori;9;blackbluehori.png;blackbluehori9.png;parity;L;300;blackblackhori.png;0.0;43.0;;vertLL.png
62;trial;;;;;;;;;black;blue;hori;1;blackbluehori.png;blackbluehori1.png;parity;L;300;blackblackhori.png;0.0;44.0;;vertLL.png
63;trial;;;;;;;;;black;red;vert;4;blackredvert.png;blackredvert4.png;magnit;A;300;blackblackvert.png;0.0;45.0;;vertLL.png
64;trial;;;;;;;;;black;red;vert;1;blackredvert.png;blackredvert1.png;magnit;A;300;blackblackvert.png;0.0;46.0;;vertLL.png
65;trial;;;;;;;;;black;blue;vert;2;blackbluevert.png;blackbluevert2.png;magnit;A;300;blackblackvert.png;0.0;47.0;;vertLL.png
66;trial;;;;;;;;;black;blue;vert;4;blackbluevert.png;blackbluevert4.png;magnit;A;300;blackblackvert.png;0.0;48.0;;vertLL.png
67;trial;;;;;;;;;black;red;hori;9;blackredhori.png;blackredhori9.png;parity;L;300;blackblackhori.png;0.0;49.0;;vertLL.png
68;trial;;;;;;;;;black;red;hori;2;blackredhori.png;blackredhori2.png;parity;A;300;blackblackhori.png;0.0;50.0;;vertLL.png
69;trial;;;;;;;;;black;red;hori;8;blackredhori.png;blackredhori8.png;parity;A;300;blackblackhori.png;0.0;51.0;;vertLL.png
70;trial;;;;;;;;;black;blue;vert;4;blackbluevert.png;blackbluevert4.png;magnit;A;300;blackblackvert.png;0.0;52.0;;vertLL.png
71;trial;;;;;;;;;black;red;hori;9;blackredhori.png;blackredhori9.png;parity;L;300;blackblackhori.png;0.0;53.0;;vertLL.png
72;trial;;;;;;;;;black;blue;hori;7;blackbluehori.png;blackbluehori7.png;parity;L;300;blackblackhori.png;0.0;54.0;;vertLL.png
73;trial;;;;;;;;;black;blue;hori;2;blackbluehori.png;blackbluehori2.png;parity;A;300;blackblackhori.png;0.0;55.0;;vertLL.png
74;trial;;;;;;;;;black;red;vert;9;blackredvert.png;blackredvert9.png;magnit;L;300;blackblackvert.png;0.0;56.0;;vertLL.png
75;trial;;;;;;;;;black;blue;vert;2;blackbluevert.png;blackbluevert2.png;magnit;A;300;blackblackvert.png;0.0;57.0;;vertLL.png
76;trial;;;;;;;;;black;red;hori;4;blackredhori.png;blackredhori4.png;parity;A;300;blackblackhori.png;0.0;58.0;;vertLL.png
77;trial;;;;;;;;;black;blue;vert;7;blackbluevert.png;blackbluevert7.png;magnit;L;300;blackblackvert.png;0.0;59.0;;vertLL.png
78;trial;;;;;;;;;black;red;hori;1;blackredhori.png;blackredhori1.png;parity;L;300;blackblackhori.png;0.0;60.0;;vertLL.png
79;trial;;;;;;;;;black;blue;vert;9;blackbluevert.png;blackbluevert9.png;magnit;L;300;blackblackvert.png;0.0;61.0;;vertLL.png
80;trial;;;;;;;;;black;blue;hori;8;blackbluehori.png;blackbluehori8.png;parity;A;300;blackblackhori.png;0.0;62.0;;vertLL.png
81;trial;;;;;;;;;black;blue;vert;3;blackbluevert.png;blackbluevert3.png;magnit;A;300;blackblackvert.png;0.0;63.0;;vertLL.png
82;trial;;;;;;;;;black;blue;hori;9;blackbluehori.png;blackbluehori9.png;parity;L;300;blackblackhori.png;0.0;64.0;;vertLL.png
83;trial;;;;;;;;;black;red;hori;2;blackredhori.png;blackredhori2.png;parity;A;300;blackblackhori.png;0.0;65.0;;vertLL.png
84;trial;;;;;;;;;black;red;vert;3;blackredvert.png;blackredvert3.png;magnit;A;300;blackblackvert.png;0.0;66.0;;vertLL.png
85;trial;;;;;;;;;black;blue;vert;6;blackbluevert.png;blackbluevert6.png;magnit;L;300;blackblackvert.png;0.0;67.0;;vertLL.png
86;trial;;;;;;;;;black;blue;hori;3;blackbluehori.png;blackbluehori3.png;parity;L;300;blackblackhori.png;0.0;68.0;;vertLL.png
87;trial;;;;;;;;;black;red;hori;2;blackredhori.png;blackredhori2.png;parity;A;300;blackblackhori.png;0.0;69.0;;vertLL.png
88;trial;;;;;;;;;black;blue;hori;3;blackbluehori.png;blackbluehori3.png;parity;L;300;blackblackhori.png;0.0;70.0;;vertLL.png
89;trial;;;;;;;;;black;blue;hori;7;blackbluehori.png;blackbluehori7.png;parity;L;300;blackblackhori.png;0.0;71.0;;vertLL.png
90;trial;;;;;;;;;black;red;hori;3;blackredhori.png;blackredhori3.png;parity;L;300;blackblackhori.png;0.0;72.0;;vertLL.png
91;trial;;;;;;;;;black;blue;hori;2;blackbluehori.png;blackbluehori2.png;parity;A;300;blackblackhori.png;0.0;73.0;;vertLL.png
92;trial;;;;;;;;;black;blue;vert;8;blackbluevert.png;blackbluevert8.png;magnit;L;300;blackblackvert.png;0.0;74.0;;vertLL.png
93;trial;;;;;;;;;black;red;hori;6;blackredhori.png;blackredhori6.png;parity;A;300;blackblackhori.png;0.0;75.0;;vertLL.png
94;trial;;;;;;;;;black;blue;hori;9;blackbluehori.png;blackbluehori9.png;parity;L;300;blackblackhori.png;0.0;76.0;;vertLL.png
95;trial;;;;;;;;;black;red;hori;7;blackredhori.png;blackredhori7.png;parity;L;300;blackblackhori.png;0.0;77.0;;vertLL.png
96;trial;;;;;;;;;black;blue;hori;4;blackbluehori.png;blackbluehori4.png;parity;A;300;blackblackhori.png;0.0;78.0;;vertLL.png
97;trial;;;;;;;;;black;blue;vert;6;blackbluevert.png;blackbluevert6.png;magnit;L;300;blackblackvert.png;0.0;79.0;;vertLL.png
98;trial;;;;;;;;;black;red;vert;2;blackredvert.png;blackredvert2.png;magnit;A;300;blackblackvert.png;0.0;80.0;;vertLL.png
99;trial;;;;;;;;;black;blue;hori;4;blackbluehori.png;blackbluehori4.png;parity;A;300;blackblackhori.png;0.0;81.0;;vertLL.png
100;trial;;;;;;;;;black;blue;vert;1;blackbluevert.png;blackbluevert1.png;magnit;A;300;blackblackvert.png;0.0;82.0;;vertLL.png
101;trial;;;;;;;;;black;red;hori;8;blackredhori.png;blackredhori8.png;parity;A;300;blackblackhori.png;0.0;83.0;;vertLL.png
102;trial;;;;;;;;;black;red;hori;4;blackredhori.png;blackredhori4.png;parity;A;300;blackblackhori.png;0.0;84.0;;vertLL.png
103;trial;;;;;;;;;black;red;hori;1;blackredhori.png;blackredhori1.png;parity;L;300;blackblackhori.png;0.0;85.0;;vertLL.png
104;trial;;;;;;;;;black;blue;hori;2;blackbluehori.png;blackbluehori2.png;parity;A;300;blackblackhori.png;0.0;86.0;;vertLL.png
105;trial;;;;;;;;;black;blue;hori;1;blackbluehori.png;blackbluehori1.png;parity;L;300;blackblackhori.png;0.0;87.0;;vertLL.png
106;trial;;;;;;;;;black;blue;vert;8;blackbluevert.png;blackbluevert8.png;magnit;L;300;blackblackvert.png;0.0;88.0;;vertLL.png
107;trial;;;;;;;;;black;blue;hori;6;blackbluehori.png;blackbluehori6.png;parity;A;300;blackblackhori.png;0.0;89.0;;vertLL.png
108;trial;;;;;;;;;black;red;hori;9;blackredhori.png;blackredhori9.png;parity;L;300;blackblackhori.png;0.0;90.0;;vertLL.png
109;trial;;;;;;;;;black;red;vert;8;blackredvert.png;blackredvert8.png;magnit;L;300;blackblackvert.png;0.0;91.0;;vertLL.png
110;trial;;;;;;;;;black;red;vert;3;blackredvert.png;blackredvert3.png;magnit;A;300;blackblackvert.png;0.0;92.0;;vertLL.png
111;trial;;;;;;;;;black;blue;hori;6;blackbluehori.png;blackbluehori6.png;parity;A;300;blackblackhori.png;0.0;93.0;;vertLL.png
112;trial;;;;;;;;;black;red;vert;4;blackredvert.png;blackredvert4.png;magnit;A;300;blackblackvert.png;0.0;94.0;;vertLL.png
113;trial;;;;;;;;;black;blue;hori;1;blackbluehori.png;blackbluehori1.png;parity;L;300;blackblackhori.png;0.0;95.0;;vertLL.png
114;break;;;;;;;;;;;;;;;;;;;;;## You have completed block 1 out of 8.;vertLL.png
115;trial;;;;;;;;;black;blue;vert;7;blackbluevert.png;blackbluevert7.png;magnit;L;0;blackbluevert.png;1.0;0.0;;vertLL.png
116;trial;;;;;;;;;black;blue;vert;3;blackbluevert.png;blackbluevert3.png;magnit;A;0;blackbluevert.png;1.0;1.0;;vertLL.png
117;trial;;;;;;;;;black;red;hori;9;blackredhori.png;blackredhori9.png;parity;L;0;blackredhori.png;1.0;2.0;;vertLL.png
118;trial;;;;;;;;;black;blue;vert;8;blackbluevert.png;blackbluevert8.png;magnit;L;0;blackbluevert.png;1.0;3.0;;vertLL.png
119;trial;;;;;;;;;black;blue;hori;2;blackbluehori.png;blackbluehori2.png;parity;A;0;blackbluehori.png;1.0;4.0;;vertLL.png
120;trial;;;;;;;;;black;blue;vert;3;blackbluevert.png;blackbluevert3.png;magnit;A;0;blackbluevert.png;1.0;5.0;;vertLL.png
121;trial;;;;;;;;;black;red;vert;2;blackredvert.png;blackredvert2.png;magnit;A;0;blackredvert.png;1.0;6.0;;vertLL.png
122;trial;;;;;;;;;black;blue;vert;8;blackbluevert.png;blackbluevert8.png;magnit;L;0;blackbluevert.png;1.0;7.0;;vertLL.png
123;trial;;;;;;;;;black;blue;hori;4;blackbluehori.png;blackbluehori4.png;parity;A;0;blackbluehori.png;1.0;8.0;;vertLL.png
124;trial;;;;;;;;;black;blue;hori;8;blackbluehori.png;blackbluehori8.png;parity;A;0;blackbluehori.png;1.0;9.0;;vertLL.png
125;trial;;;;;;;;;black;blue;hori;7;blackbluehori.png;blackbluehori7.png;parity;L;0;blackbluehori.png;1.0;10.0;;vertLL.png
126;trial;;;;;;;;;black;red;hori;8;blackredhori.png;blackredhori8.png;parity;A;0;blackredhori.png;1.0;11.0;;vertLL.png
127;trial;;;;;;;;;black;red;hori;6;blackredhori.png;blackredhori6.png;parity;A;0;blackredhori.png;1.0;12.0;;vertLL.png
128;trial;;;;;;;;;black;red;vert;3;blackredvert.png;blackredvert3.png;magnit;A;0;blackredvert.png;1.0;13.0;;vertLL.png
129;trial;;;;;;;;;black;blue;hori;8;blackbluehori.png;blackbluehori8.png;parity;A;0;blackbluehori.png;1.0;14.0;;vertLL.png
130;trial;;;;;;;;;black;red;hori;3;blackredhori.png;blackredhori3.png;parity;L;0;blackredhori.png;1.0;15.0;;vertLL.png
131;trial;;;;;;;;;black;red;vert;7;blackredvert.png;blackredvert7.png;magnit;L;0;blackredvert.png;1.0;16.0;;vertLL.png
132;trial;;;;;;;;;black;blue;vert;2;blackbluevert.png;blackbluevert2.png;magnit;A;0;blackbluevert.png;1.0;17.0;;vertLL.png
133;trial;;;;;;;;;black;red;vert;7;blackredvert.png;blackredvert7.png;magnit;L;0;blackredvert.png;1.0;18.0;;vertLL.png
134;trial;;;;;;;;;black;red;hori;9;blackredhori.png;blackredhori9.png;parity;L;0;blackredhori.png;1.0;19.0;;vertLL.png
135;trial;;;;;;;;;black;blue;hori;4;blackbluehori.png;blackbluehori4.png;parity;A;0;blackbluehori.png;1.0;20.0;;vertLL.png
136;trial;;;;;;;;;black;blue;vert;9;blackbluevert.png;blackbluevert9.png;magnit;L;0;blackbluevert.png;1.0;21.0;;vertLL.png
137;trial;;;;;;;;;black;red;vert;8;blackredvert.png;blackredvert8.png;magnit;L;0;blackredvert.png;1.0;22.0;;vertLL.png
138;trial;;;;;;;;;black;blue;hori;6;blackbluehori.png;blackbluehori6.png;parity;A;0;blackbluehori.png;1.0;23.0;;vertLL.png
139;trial;;;;;;;;;black;red;vert;9;blackredvert.png;blackredvert9.png;magnit;L;0;blackredvert.png;1.0;24.0;;vertLL.png
140;trial;;;;;;;;;black;red;hori;1;blackredhori.png;blackredhori1.png;parity;L;0;blackredhori.png;1.0;25.0;;vertLL.png
141;trial;;;;;;;;;black;blue;vert;4;blackbluevert.png;blackbluevert4.png;magnit;A;0;blackbluevert.png;1.0;26.0;;vertLL.png
142;trial;;;;;;;;;black;red;vert;7;blackredvert.png;blackredvert7.png;magnit;L;0;blackredvert.png;1.0;27.0;;vertLL.png
143;trial;;;;;;;;;black;red;hori;4;blackredhori.png;blackredhori4.png;parity;A;0;blackredhori.png;1.0;28.0;;vertLL.png
144;trial;;;;;;;;;black;red;vert;3;blackredvert.png;blackredvert3.png;magnit;A;0;blackredvert.png;1.0;29.0;;vertLL.png
145;trial;;;;;;;;;black;red;hori;1;blackredhori.png;blackredhori1.png;parity;L;0;blackredhori.png;1.0;30.0;;vertLL.png
146;trial;;;;;;;;;black;blue;hori;2;blackbluehori.png;blackbluehori2.png;parity;A;0;blackbluehori.png;1.0;31.0;;vertLL.png
147;trial;;;;;;;;;black;red;hori;9;blackredhori.png;blackredhori9.png;parity;L;0;blackredhori.png;1.0;32.0;;vertLL.png
148;trial;;;;;;;;;black;red;vert;1;blackredvert.png;blackredvert1.png;magnit;A;0;blackredvert.png;1.0;33.0;;vertLL.png
149;trial;;;;;;;;;black;red;hori;7;blackredhori.png;blackredhori7.png;parity;L;0;blackredhori.png;1.0;34.0;;vertLL.png
150;trial;;;;;;;;;black;red;vert;6;blackredvert.png;blackredvert6.png;magnit;L;0;blackredvert.png;1.0;35.0;;vertLL.png
151;trial;;;;;;;;;black;red;vert;4;blackredvert.png;blackredvert4.png;magnit;A;0;blackredvert.png;1.0;36.0;;vertLL.png
152;trial;;;;;;;;;black;blue;vert;2;blackbluevert.png;blackbluevert2.png;magnit;A;0;blackbluevert.png;1.0;37.0;;vertLL.png
153;trial;;;;;;;;;black;red;vert;9;blackredvert.png;blackredvert9.png;magnit;L;0;blackredvert.png;1.0;38.0;;vertLL.png
154;trial;;;;;;;;;black;red;vert;6;blackredvert.png;blackredvert6.png;magnit;L;0;blackredvert.png;1.0;39.0;;vertLL.png
155;trial;;;;;;;;;black;blue;vert;3;blackbluevert.png;blackbluevert3.png;magnit;A;0;blackbluevert.png;1.0;40.0;;vertLL.png
156;trial;;;;;;;;;black;blue;vert;6;blackbluevert.png;blackbluevert6.png;magnit;L;0;blackbluevert.png;1.0;41.0;;vertLL.png
157;trial;;;;;;;;;black;red;vert;8;blackredvert.png;blackredvert8.png;magnit;L;0;blackredvert.png;1.0;42.0;;vertLL.png
158;trial;;;;;;;;;black;blue;hori;7;blackbluehori.png;blackbluehori7.png;parity;L;0;blackbluehori.png;1.0;43.0;;vertLL.png
159;trial;;;;;;;;;black;blue;vert;6;blackbluevert.png;blackbluevert6.png;magnit;L;0;blackbluevert.png;1.0;44.0;;vertLL.png
160;trial;;;;;;;;;black;red;hori;7;blackredhori.png;blackredhori7.png;parity;L;0;blackredhori.png;1.0;45.0;;vertLL.png
161;trial;;;;;;;;;black;blue;vert;1;blackbluevert.png;blackbluevert1.png;magnit;A;0;blackbluevert.png;1.0;46.0;;vertLL.png
162;trial;;;;;;;;;black;red;vert;6;blackredvert.png;blackredvert6.png;magnit;L;0;blackredvert.png;1.0;47.0;;vertLL.png
163;trial;;;;;;;;;black;red;hori;7;blackredhori.png;blackredhori7.png;parity;L;0;blackredhori.png;1.0;48.0;;vertLL.png
164;trial;;;;;;;;;black;red;vert;1;blackredvert.png;blackredvert1.png;magnit;A;0;blackredvert.png;1.0;49.0;;vertLL.png
165;trial;;;;;;;;;black;blue;hori;9;blackbluehori.png;blackbluehori9.png;parity;L;0;blackbluehori.png;1.0;50.0;;vertLL.png
166;trial;;;;;;;;;black;blue;hori;1;blackbluehori.png;blackbluehori1.png;parity;L;0;blackbluehori.png;1.0;51.0;;vertLL.png
167;trial;;;;;;;;;black;red;hori;3;blackredhori.png;blackredhori3.png;parity;L;0;blackredhori.png;1.0;52.0;;vertLL.png
168;trial;;;;;;;;;black;blue;vert;2;blackbluevert.png;blackbluevert2.png;magnit;A;0;blackbluevert.png;1.0;53.0;;vertLL.png
169;trial;;;;;;;;;black;blue;hori;3;blackbluehori.png;blackbluehori3.png;parity;L;0;blackbluehori.png;1.0;54.0;;vertLL.png
170;trial;;;;;;;;;black;blue;vert;4;blackbluevert.png;blackbluevert4.png;magnit;A;0;blackbluevert.png;1.0;55.0;;vertLL.png
171;trial;;;;;;;;;black;blue;hori;9;blackbluehori.png;blackbluehori9.png;parity;L;0;blackbluehori.png;1.0;56.0;;vertLL.png
172;trial;;;;;;;;;black;blue;vert;1;blackbluevert.png;blackbluevert1.png;magnit;A;0;blackbluevert.png;1.0;57.0;;vertLL.png
173;trial;;;;;;;;;black;blue;hori;6;blackbluehori.png;blackbluehori6.png;parity;A;0;blackbluehori.png;1.0;58.0;;vertLL.png
174;trial;;;;;;;;;black;blue;hori;1;blackbluehori.png;blackbluehori1.png;parity;L;0;blackbluehori.png;1.0;59.0;;vertLL.png
175;trial;;;;;;;;;black;blue;vert;8;blackbluevert.png;blackbluevert8.png;magnit;L;0;blackbluevert.png;1.0;60.0;;vertLL.png
176;trial;;;;;;;;;black;red;hori;6;blackredhori.png;blackredhori6.png;parity;A;0;blackredhori.png;1.0;61.0;;vertLL.png
177;trial;;;;;;;;;black;blue;vert;4;blackbluevert.png;blackbluevert4.png;magnit;A;0;blackbluevert.png;1.0;62.0;;vertLL.png
178;trial;;;;;;;;;black;blue;hori;6;blackbluehori.png;blackbluehori6.png;parity;A;0;blackbluehori.png;1.0;63.0;;vertLL.png
179;trial;;;;;;;;;black;blue;hori;2;blackbluehori.png;blackbluehori2.png;parity;A;0;blackbluehori.png;1.0;64.0;;vertLL.png
180;trial;;;;;;;;;black;blue;hori;8;blackbluehori.png;blackbluehori8.png;parity;A;0;blackbluehori.png;1.0;65.0;;vertLL.png
181;trial;;;;;;;;;black;blue;vert;9;blackbluevert.png;blackbluevert9.png;magnit;L;0;blackbluevert.png;1.0;66.0;;vertLL.png
182;trial;;;;;;;;;black;blue;vert;6;blackbluevert.png;blackbluevert6.png;magnit;L;0;blackbluevert.png;1.0;67.0;;vertLL.png
183;trial;;;;;;;;;black;blue;hori;1;blackbluehori.png;blackbluehori1.png;parity;L;0;blackbluehori.png;1.0;68.0;;vertLL.png
184;trial;;;;;;;;;black;red;hori;2;blackredhori.png;blackredhori2.png;parity;A;0;blackredhori.png;1.0;69.0;;vertLL.png
185;trial;;;;;;;;;black;red;hori;8;blackredhori.png;blackredhori8.png;parity;A;0;blackredhori.png;1.0;70.0;;vertLL.png
186;trial;;;;;;;;;black;red;hori;2;blackredhori.png;blackredhori2.png;parity;A;0;blackredhori.png;1.0;71.0;;vertLL.png
187;trial;;;;;;;;;black;blue;vert;7;blackbluevert.png;blackbluevert7.png;magnit;L;0;blackbluevert.png;1.0;72.0;;vertLL.png
188;trial;;;;;;;;;black;red;vert;3;blackredvert.png;blackredvert3.png;magnit;A;0;blackredvert.png;1.0;73.0;;vertLL.png
189;trial;;;;;;;;;black;red;hori;2;blackredhori.png;blackredhori2.png;parity;A;0;blackredhori.png;1.0;74.0;;vertLL.png
190;trial;;;;;;;;;black;blue;hori;3;blackbluehori.png;blackbluehori3.png;parity;L;0;blackbluehori.png;1.0;75.0;;vertLL.png
191;trial;;;;;;;;;black;red;hori;6;blackredhori.png;blackredhori6.png;parity;A;0;blackredhori.png;1.0;76.0;;vertLL.png
192;trial;;;;;;;;;black;blue;hori;4;blackbluehori.png;blackbluehori4.png;parity;A;0;blackbluehori.png;1.0;77.0;;vertLL.png
193;trial;;;;;;;;;black;red;hori;3;blackredhori.png;blackredhori3.png;parity;L;0;blackredhori.png;1.0;78.0;;vertLL.png
194;trial;;;;;;;;;black;blue;hori;7;blackbluehori.png;blackbluehori7.png;parity;L;0;blackbluehori.png;1.0;79.0;;vertLL.png
195;trial;;;;;;;;;black;red;hori;1;blackredhori.png;blackredhori1.png;parity;L;0;blackredhori.png;1.0;80.0;;vertLL.png
196;trial;;;;;;;;;black;red;hori;8;blackredhori.png;blackredhori8.png;parity;A;0;blackredhori.png;1.0;81.0;;vertLL.png
197;trial;;;;;;;;;black;blue;vert;9;blackbluevert.png;blackbluevert9.png;magnit;L;0;blackbluevert.png;1.0;82.0;;vertLL.png
198;trial;;;;;;;;;black;red;vert;4;blackredvert.png;blackredvert4.png;magnit;A;0;blackredvert.png;1.0;83.0;;vertLL.png
199;trial;;;;;;;;;black;red;vert;1;blackredvert.png;blackredvert1.png;magnit;A;0;blackredvert.png;1.0;84.0;;vertLL.png
200;trial;;;;;;;;;black;red;vert;4;blackredvert.png;blackredvert4.png;magnit;A;0;blackredvert.png;1.0;85.0;;vertLL.png
201;trial;;;;;;;;;black;blue;hori;9;blackbluehori.png;blackbluehori9.png;parity;L;0;blackbluehori.png;1.0;86.0;;vertLL.png
202;trial;;;;;;;;;black;red;hori;4;blackredhori.png;blackredhori4.png;parity;A;0;blackredhori.png;1.0;87.0;;vertLL.png
203;trial;;;;;;;;;black;blue;vert;1;blackbluevert.png;blackbluevert1.png;magnit;A;0;blackbluevert.png;1.0;88.0;;vertLL.png
204;trial;;;;;;;;;black;red;hori;4;blackredhori.png;blackredhori4.png;parity;A;0;blackredhori.png;1.0;89.0;;vertLL.png
205;trial;;;;;;;;;black;red;vert;8;blackredvert.png;blackredvert8.png;magnit;L;0;blackredvert.png;1.0;90.0;;vertLL.png
206;trial;;;;;;;;;black;blue;vert;7;blackbluevert.png;blackbluevert7.png;magnit;L;0;blackbluevert.png;1.0;91.0;;vertLL.png
207;trial;;;;;;;;;black;red;vert;2;blackredvert.png;blackredvert2.png;magnit;A;0;blackredvert.png;1.0;92.0;;vertLL.png
208;trial;;;;;;;;;black;blue;hori;3;blackbluehori.png;blackbluehori3.png;parity;L;0;blackbluehori.png;1.0;93.0;;vertLL.png
209;trial;;;;;;;;;black;red;vert;9;blackredvert.png;blackredvert9.png;magnit;L;0;blackredvert.png;1.0;94.0;;vertLL.png
210;trial;;;;;;;;;black;red;vert;2;blackredvert.png;blackredvert2.png;magnit;A;0;blackredvert.png;1.0;95.0;;vertLL.png
211;break;;;;;;;;;;;;;;;;;;;;;## You have completed block 2 out of 8.;vertLL.png
212;trial;;;;;;;;;black;blue;vert;4;blackbluevert.png;blackbluevert4.png;magnit;A;300;blackblackvert.png;2.0;0.0;;vertLL.png
213;trial;;;;;;;;;black;red;hori;3;blackredhori.png;blackredhori3.png;parity;L;300;blackblackhori.png;2.0;1.0;;vertLL.png
214;trial;;;;;;;;;black;red;hori;1;blackredhori.png;blackredhori1.png;parity;L;300;blackblackhori.png;2.0;2.0;;vertLL.png
215;trial;;;;;;;;;black;red;hori;9;blackredhori.png;blackredhori9.png;parity;L;300;blackblackhori.png;2.0;3.0;;vertLL.png
216;trial;;;;;;;;;black;red;vert;4;blackredvert.png;blackredvert4.png;magnit;A;300;blackblackvert.png;2.0;4.0;;vertLL.png
217;trial;;;;;;;;;black;red;hori;8;blackredhori.png;blackredhori8.png;parity;A;300;blackblackhori.png;2.0;5.0;;vertLL.png
218;trial;;;;;;;;;black;blue;vert;1;blackbluevert.png;blackbluevert1.png;magnit;A;300;blackblackvert.png;2.0;6.0;;vertLL.png
219;trial;;;;;;;;;black;red;vert;2;blackredvert.png;blackredvert2.png;magnit;A;300;blackblackvert.png;2.0;7.0;;vertLL.png
220;trial;;;;;;;;;black;red;hori;4;blackredhori.png;blackredhori4.png;parity;A;300;blackblackhori.png;2.0;8.0;;vertLL.png
221;trial;;;;;;;;;black;red;hori;3;blackredhori.png;blackredhori3.png;parity;L;300;blackblackhori.png;2.0;9.0;;vertLL.png
222;trial;;;;;;;;;black;red;vert;2;blackredvert.png;blackredvert2.png;magnit;A;300;blackblackvert.png;2.0;10.0;;vertLL.png
223;trial;;;;;;;;;black;blue;hori;6;blackbluehori.png;blackbluehori6.png;parity;A;300;blackblackhori.png;2.0;11.0;;vertLL.png
224;trial;;;;;;;;;black;blue;vert;8;blackbluevert.png;blackbluevert8.png;magnit;L;300;blackblackvert.png;2.0;12.0;;vertLL.png
225;trial;;;;;;;;;black;blue;vert;3;blackbluevert.png;blackbluevert3.png;magnit;A;300;blackblackvert.png;2.0;13.0;;vertLL.png
226;trial;;;;;;;;;black;red;hori;7;blackredhori.png;blackredhori7.png;parity;L;300;blackblackhori.png;2.0;14.0;;vertLL.png
227;trial;;;;;;;;;black;red;hori;6;blackredhori.png;blackredhori6.png;parity;A;300;blackblackhori.png;2.0;15.0;;vertLL.png
228;trial;;;;;;;;;black;blue;vert;1;blackbluevert.png;blackbluevert1.png;magnit;A;300;blackblackvert.png;2.0;16.0;;vertLL.png
229;trial;;;;;;;;;black;blue;vert;6;blackbluevert.png;blackbluevert6.png;magnit;L;300;blackblackvert.png;2.0;17.0;;vertLL.png
230;trial;;;;;;;;;black;blue;hori;3;blackbluehori.png;blackbluehori3.png;parity;L;300;blackblackhori.png;2.0;18.0;;vertLL.png
231;trial;;;;;;;;;black;blue;hori;8;blackbluehori.png;blackbluehori8.png;parity;A;300;blackblackhori.png;2.0;19.0;;vertLL.png
232;trial;;;;;;;;;black;red;vert;6;blackredvert.png;blackredvert6.png;magnit;L;300;blackblackvert.png;2.0;20.0;;vertLL.png
233;trial;;;;;;;;;black;blue;vert;7;blackbluevert.png;blackbluevert7.png;magnit;L;300;blackblackvert.png;2.0;21.0;;vertLL.png
234;trial;;;;;;;;;black;red;hori;1;blackredhori.png;blackredhori1.png;parity;L;300;blackblackhori.png;2.0;22.0;;vertLL.png
235;trial;;;;;;;;;black;blue;vert;2;blackbluevert.png;blackbluevert2.png;magnit;A;300;blackblackvert.png;2.0;23.0;;vertLL.png
236;trial;;;;;;;;;black;blue;hori;7;blackbluehori.png;blackbluehori7.png;parity;L;300;blackblackhori.png;2.0;24.0;;vertLL.png
237;trial;;;;;;;;;black;blue;hori;2;blackbluehori.png;blackbluehori2.png;parity;A;300;blackblackhori.png;2.0;25.0;;vertLL.png
238;trial;;;;;;;;;black;blue;hori;4;blackbluehori.png;blackbluehori4.png;parity;A;300;blackblackhori.png;2.0;26.0;;vertLL.png
239;trial;;;;;;;;;black;red;hori;1;blackredhori.png;blackredhori1.png;parity;L;300;blackblackhori.png;2.0;27.0;;vertLL.png
240;trial;;;;;;;;;black;blue;hori;8;blackbluehori.png;blackbluehori8.png;parity;A;300;blackblackhori.png;2.0;28.0;;vertLL.png
241;trial;;;;;;;;;black;red;hori;2;blackredhori.png;blackredhori2.png;parity;A;300;blackblackhori.png;2.0;29.0;;vertLL.png
242;trial;;;;;;;;;black;blue;hori;7;blackbluehori.png;blackbluehori7.png;parity;L;300;blackblackhori.png;2.0;30.0;;vertLL.png
243;trial;;;;;;;;;black;blue;hori;2;blackbluehori.png;blackbluehori2.png;parity;A;300;blackblackhori.png;2.0;31.0;;vertLL.png
244;trial;;;;;;;;;black;blue;vert;7;blackbluevert.png;blackbluevert7.png;magnit;L;300;blackblackvert.png;2.0;32.0;;vertLL.png
245;trial;;;;;;;;;black;red;hori;4;blackredhori.png;blackredhori4.png;parity;A;300;blackblackhori.png;2.0;33.0;;vertLL.png
246;trial;;;;;;;;;black;red;vert;1;blackredvert.png;blackredvert1.png;magnit;A;300;blackblackvert.png;2.0;34.0;;vertLL.png
247;trial;;;;;;;;;black;red;vert;7;blackredvert.png;blackredvert7.png;magnit;L;300;blackblackvert.png;2.0;35.0;;vertLL.png
248;trial;;;;;;;;;black;blue;hori;9;blackbluehori.png;blackbluehori9.png;parity;L;300;blackblackhori.png;2.0;36.0;;vertLL.png
249;trial;;;;;;;;;black;blue;vert;4;blackbluevert.png;blackbluevert4.png;magnit;A;300;blackblackvert.png;2.0;37.0;;vertLL.png
250;trial;;;;;;;;;black;red;hori;6;blackredhori.png;blackredhori6.png;parity;A;300;blackblackhori.png;2.0;38.0;;vertLL.png
251;trial;;;;;;;;;black;red;vert;1;blackredvert.png;blackredvert1.png;magnit;A;300;blackblackvert.png;2.0;39.0;;vertLL.png
252;trial;;;;;;;;;black;red;vert;9;blackredvert.png;blackredvert9.png;magnit;L;300;blackblackvert.png;2.0;40.0;;vertLL.png
253;trial;;;;;;;;;black;red;hori;7;blackredhori.png;blackredhori7.png;parity;L;300;blackblackhori.png;2.0;41.0;;vertLL.png
254;trial;;;;;;;;;black;red;vert;3;blackredvert.png;blackredvert3.png;magnit;A;300;blackblackvert.png;2.0;42.0;;vertLL.png
255;trial;;;;;;;;;black;red;hori;4;blackredhori.png;blackredhori4.png;parity;A;300;blackblackhori.png;2.0;43.0;;vertLL.png
256;trial;;;;;;;;;black;blue;hori;9;blackbluehori.png;blackbluehori9.png;parity;L;300;blackblackhori.png;2.0;44.0;;vertLL.png
257;trial;;;;;;;;;black;blue;vert;7;blackbluevert.png;blackbluevert7.png;magnit;L;300;blackblackvert.png;2.0;45.0;;vertLL.png
258;trial;;;;;;;;;black;red;vert;3;blackredvert.png;blackredvert3.png;magnit;A;300;blackblackvert.png;2.0;46.0;;vertLL.png
259;trial;;;;;;;;;black;red;vert;6;blackredvert.png;blackredvert6.png;magnit;L;300;blackblackvert.png;2.0;47.0;;vertLL.png
260;trial;;;;;;;;;black;red;hori;8;blackredhori.png;blackredhori8.png;parity;A;300;blackblackhori.png;2.0;48.0;;vertLL.png
261;trial;;;;;;;;;black;blue;hori;3;blackbluehori.png;blackbluehori3.png;parity;L;300;blackblackhori.png;2.0;49.0;;vertLL.png
262;trial;;;;;;;;;black;blue;vert;2;blackbluevert.png;blackbluevert2.png;magnit;A;300;blackblackvert.png;2.0;50.0;;vertLL.png
263;trial;;;;;;;;;black;red;vert;6;blackredvert.png;blackredvert6.png;magnit;L;300;blackblackvert.png;2.0;51.0;;vertLL.png
264;trial;;;;;;;;;black;red;vert;8;blackredvert.png;blackredvert8.png;magnit;L;300;blackblackvert.png;2.0;52.0;;vertLL.png
265;trial;;;;;;;;;black;blue;vert;2;blackbluevert.png;blackbluevert2.png;magnit;A;300;blackblackvert.png;2.0;53.0;;vertLL.png
266;trial;;;;;;;;;black;blue;vert;4;blackbluevert.png;blackbluevert4.png;magnit;A;300;blackblackvert.png;2.0;54.0;;vertLL.png
267;trial;;;;;;;;;black;red;vert;9;blackredvert.png;blackredvert9.png;magnit;L;300;blackblackvert.png;2.0;55.0;;vertLL.png
268;trial;;;;;;;;;black;blue;hori;2;blackbluehori.png;blackbluehori2.png;parity;A;300;blackblackhori.png;2.0;56.0;;vertLL.png
269;trial;;;;;;;;;black;red;vert;4;blackredvert.png;blackredvert4.png;magnit;A;300;blackblackvert.png;2.0;57.0;;vertLL.png
270;trial;;;;;;;;;black;blue;vert;6;blackbluevert.png;blackbluevert6.png;magnit;L;300;blackblackvert.png;2.0;58.0;;vertLL.png
271;trial;;;;;;;;;black;blue;vert;3;blackbluevert.png;blackbluevert3.png;magnit;A;300;blackblackvert.png;2.0;59.0;;vertLL.png
272;trial;;;;;;;;;black;red;vert;2;blackredvert.png;blackredvert2.png;magnit;A;300;blackblackvert.png;2.0;60.0;;vertLL.png
273;trial;;;;;;;;;black;blue;hori;9;blackbluehori.png;blackbluehori9.png;parity;L;300;blackblackhori.png;2.0;61.0;;vertLL.png
274;trial;;;;;;;;;black;blue;hori;4;blackbluehori.png;blackbluehori4.png;parity;A;300;blackblackhori.png;2.0;62.0;;vertLL.png
275;trial;;;;;;;;;black;red;hori;6;blackredhori.png;blackredhori6.png;parity;A;300;blackblackhori.png;2.0;63.0;;vertLL.png
276;trial;;;;;;;;;black;blue;hori;3;blackbluehori.png;blackbluehori3.png;parity;L;300;blackblackhori.png;2.0;64.0;;vertLL.png
277;trial;;;;;;;;;black;blue;hori;1;blackbluehori.png;blackbluehori1.png;parity;L;300;blackblackhori.png;2.0;65.0;;vertLL.png
278;trial;;;;;;;;;black;red;hori;3;blackredhori.png;blackredhori3.png;parity;L;300;blackblackhori.png;2.0;66.0;;vertLL.png
279;trial;;;;;;;;;black;blue;hori;6;blackbluehori.png;blackbluehori6.png;parity;A;300;blackblackhori.png;2.0;67.0;;vertLL.png
280;trial;;;;;;;;;black;blue;vert;8;blackbluevert.png;blackbluevert8.png;magnit;L;300;blackblackvert.png;2.0;68.0;;vertLL.png
281;trial;;;;;;;;;black;red;hori;9;blackredhori.png;blackredhori9.png;parity;L;300;blackblackhori.png;2.0;69.0;;vertLL.png
282;trial;;;;;;;;;black;red;vert;7;blackredvert.png;blackredvert7.png;magnit;L;300;blackblackvert.png;2.0;70.0;;vertLL.png
283;trial;;;;;;;;;black;blue;vert;3;blackbluevert.png;blackbluevert3.png;magnit;A;300;blackblackvert.png;2.0;71.0;;vertLL.png
284;trial;;;;;;;;;black;blue;hori;8;blackbluehori.png;blackbluehori8.png;parity;A;300;blackblackhori.png;2.0;72.0;;vertLL.png
285;trial;;;;;;;;;black;blue;vert;9;blackbluevert.png;blackbluevert9.png;magnit;L;300;blackblackvert.png;2.0;73.0;;vertLL.png
286;trial;;;;;;;;;black;red;vert;8;blackredvert.png;blackredvert8.png;magnit;L;300;blackblackvert.png;2.0;74.0;;vertLL.png
287;trial;;;;;;;;;black;red;vert;4;blackredvert.png;blackredvert4.png;magnit;A;300;blackblackvert.png;2.0;75.0;;vertLL.png
288;trial;;;;;;;;;black;blue;vert;6;blackbluevert.png;blackbluevert6.png;magnit;L;300;blackblackvert.png;2.0;76.0;;vertLL.png
289;trial;;;;;;;;;black;red;vert;3;blackredvert.png;blackredvert3.png;magnit;A;300;blackblackvert.png;2.0;77.0;;vertLL.png
290;trial;;;;;;;;;black;red;hori;7;blackredhori.png;blackredhori7.png;parity;L;300;blackblackhori.png;2.0;78.0;;vertLL.png
291;trial;;;;;;;;;black;red;vert;1;blackredvert.png;blackredvert1.png;magnit;A;300;blackblackvert.png;2.0;79.0;;vertLL.png
292;trial;;;;;;;;;black;red;vert;7;blackredvert.png;blackredvert7.png;magnit;L;300;blackblackvert.png;2.0;80.0;;vertLL.png
293;trial;;;;;;;;;black;blue;vert;9;blackbluevert.png;blackbluevert9.png;magnit;L;300;blackblackvert.png;2.0;81.0;;vertLL.png
294;trial;;;;;;;;;black;red;hori;2;blackredhori.png;blackredhori2.png;parity;A;300;blackblackhori.png;2.0;82.0;;vertLL.png
295;trial;;;;;;;;;black;red;vert;9;blackredvert.png;blackredvert9.png;magnit;L;300;blackblackvert.png;2.0;83.0;;vertLL.png
296;trial;;;;;;;;;black;red;hori;8;blackredhori.png;blackredhori8.png;parity;A;300;blackblackhori.png;2.0;84.0;;vertLL.png
297;trial;;;;;;;;;black;blue;hori;4;blackbluehori.png;blackbluehori4.png;parity;A;300;blackblackhori.png;2.0;85.0;;vertLL.png
298;trial;;;;;;;;;black;red;vert;8;blackredvert.png;blackredvert8.png;magnit;L;300;blackblackvert.png;2.0;86.0;;vertLL.png
299;trial;;;;;;;;;black;red;hori;9;blackredhori.png;blackredhori9.png;parity;L;300;blackblackhori.png;2.0;87.0;;vertLL.png
300;trial;;;;;;;;;black;blue;vert;8;blackbluevert.png;blackbluevert8.png;magnit;L;300;blackblackvert.png;2.0;88.0;;vertLL.png
301;trial;;;;;;;;;black;blue;hori;1;blackbluehori.png;blackbluehori1.png;parity;L;300;blackblackhori.png;2.0;89.0;;vertLL.png
302;trial;;;;;;;;;black;blue;hori;6;blackbluehori.png;blackbluehori6.png;parity;A;300;blackblackhori.png;2.0;90.0;;vertLL.png
303;trial;;;;;;;;;black;blue;vert;9;blackbluevert.png;blackbluevert9.png;magnit;L;300;blackblackvert.png;2.0;91.0;;vertLL.png
304;trial;;;;;;;;;black;blue;vert;1;blackbluevert.png;blackbluevert1.png;magnit;A;300;blackblackvert.png;2.0;92.0;;vertLL.png
305;trial;;;;;;;;;black;red;hori;2;blackredhori.png;blackredhori2.png;parity;A;300;blackblackhori.png;2.0;93.0;;vertLL.png
306;trial;;;;;;;;;black;blue;hori;7;blackbluehori.png;blackbluehori7.png;parity;L;300;blackblackhori.png;2.0;94.0;;vertLL.png
307;trial;;;;;;;;;black;blue;hori;1;blackbluehori.png;blackbluehori1.png;parity;L;300;blackblackhori.png;2.0;95.0;;vertLL.png
308;break;;;;;;;;;;;;;;;;;;;;;## You have completed block 3 out of 8.;vertLL.png
309;trial;;;;;;;;;black;blue;hori;3;blackbluehori.png;blackbluehori3.png;parity;L;0;blackbluehori.png;3.0;0.0;;vertLL.png
310;trial;;;;;;;;;black;red;vert;1;blackredvert.png;blackredvert1.png;magnit;A;0;blackredvert.png;3.0;1.0;;vertLL.png
311;trial;;;;;;;;;black;blue;vert;4;blackbluevert.png;blackbluevert4.png;magnit;A;0;blackbluevert.png;3.0;2.0;;vertLL.png
312;trial;;;;;;;;;black;blue;hori;6;blackbluehori.png;blackbluehori6.png;parity;A;0;blackbluehori.png;3.0;3.0;;vertLL.png
313;trial;;;;;;;;;black;red;hori;8;blackredhori.png;blackredhori8.png;parity;A;0;blackredhori.png;3.0;4.0;;vertLL.png
314;trial;;;;;;;;;black;blue;hori;3;blackbluehori.png;blackbluehori3.png;parity;L;0;blackbluehori.png;3.0;5.0;;vertLL.png
315;trial;;;;;;;;;black;red;hori;7;blackredhori.png;blackredhori7.png;parity;L;0;blackredhori.png;3.0;6.0;;vertLL.png
316;trial;;;;;;;;;black;red;hori;8;blackredhori.png;blackredhori8.png;parity;A;0;blackredhori.png;3.0;7.0;;vertLL.png
317;trial;;;;;;;;;black;red;vert;9;blackredvert.png;blackredvert9.png;magnit;L;0;blackredvert.png;3.0;8.0;;vertLL.png
318;trial;;;;;;;;;black;red;hori;6;blackredhori.png;blackredhori6.png;parity;A;0;blackredhori.png;3.0;9.0;;vertLL.png
319;trial;;;;;;;;;black;blue;hori;9;blackbluehori.png;blackbluehori9.png;parity;L;0;blackbluehori.png;3.0;10.0;;vertLL.png
320;trial;;;;;;;;;black;blue;vert;6;blackbluevert.png;blackbluevert6.png;magnit;L;0;blackbluevert.png;3.0;11.0;;vertLL.png
321;trial;;;;;;;;;black;red;hori;2;blackredhori.png;blackredhori2.png;parity;A;0;blackredhori.png;3.0;12.0;;vertLL.png
322;trial;;;;;;;;;black;blue;vert;7;blackbluevert.png;blackbluevert7.png;magnit;L;0;blackbluevert.png;3.0;13.0;;vertLL.png
323;trial;;;;;;;;;black;blue;vert;3;blackbluevert.png;blackbluevert3.png;magnit;A;0;blackbluevert.png;3.0;14.0;;vertLL.png
324;trial;;;;;;;;;black;blue;vert;9;blackbluevert.png;blackbluevert9.png;magnit;L;0;blackbluevert.png;3.0;15.0;;vertLL.png
325;trial;;;;;;;;;black;red;hori;3;blackredhori.png;blackredhori3.png;parity;L;0;blackredhori.png;3.0;16.0;;vertLL.png
326;trial;;;;;;;;;black;blue;hori;4;blackbluehori.png;blackbluehori4.png;parity;A;0;blackbluehori.png;3.0;17.0;;vertLL.png
327;trial;;;;;;;;;black;blue;hori;8;blackbluehori.png;blackbluehori8.png;parity;A;0;blackbluehori.png;3.0;18.0;;vertLL.png
328;trial;;;;;;;;;black;blue;vert;9;blackbluevert.png;blackbluevert9.png;magnit;L;0;blackbluevert.png;3.0;19.0;;vertLL.png
329;trial;;;;;;;;;black;red;hori;8;blackredhori.png;blackredhori8.png;parity;A;0;blackredhori.png;3.0;20.0;;vertLL.png
330;trial;;;;;;;;;black;blue;vert;1;blackbluevert.png;blackbluevert1.png;magnit;A;0;blackbluevert.png;3.0;21.0;;vertLL.png
331;trial;;;;;;;;;black;blue;vert;8;blackbluevert.png;blackbluevert8.png;magnit;L;0;blackbluevert.png;3.0;22.0;;vertLL.png
332;trial;;;;;;;;;black;blue;vert;1;blackbluevert.png;blackbluevert1.png;magnit;A;0;blackbluevert.png;3.0;23.0;;vertLL.png
333;trial;;;;;;;;;black;blue;hori;9;blackbluehori.png;blackbluehori9.png;parity;L;0;blackbluehori.png;3.0;24.0;;vertLL.png
334;trial;;;;;;;;;black;red;hori;1;blackredhori.png;blackredhori1.png;parity;L;0;blackredhori.png;3.0;25.0;;vertLL.png
335;trial;;;;;;;;;black;red;vert;4;blackredvert.png;blackredvert4.png;magnit;A;0;blackredvert.png;3.0;26.0;;vertLL.png
336;trial;;;;;;;;;black;blue;vert;6;blackbluevert.png;blackbluevert6.png;magnit;L;0;blackbluevert.png;3.0;27.0;;vertLL.png
337;trial;;;;;;;;;black;blue;hori;1;blackbluehori.png;blackbluehori1.png;parity;L;0;blackbluehori.png;3.0;28.0;;vertLL.png
338;trial;;;;;;;;;black;blue;hori;4;blackbluehori.png;blackbluehori4.png;parity;A;0;blackbluehori.png;3.0;29.0;;vertLL.png
339;trial;;;;;;;;;black;blue;hori;7;blackbluehori.png;blackbluehori7.png;parity;L;0;blackbluehori.png;3.0;30.0;;vertLL.png
340;trial;;;;;;;;;black;red;vert;1;blackredvert.png;blackredvert1.png;magnit;A;0;blackredvert.png;3.0;31.0;;vertLL.png
341;trial;;;;;;;;;black;blue;vert;8;blackbluevert.png;blackbluevert8.png;magnit;L;0;blackbluevert.png;3.0;32.0;;vertLL.png
342;trial;;;;;;;;;black;blue;vert;2;blackbluevert.png;blackbluevert2.png;magnit;A;0;blackbluevert.png;3.0;33.0;;vertLL.png
343;trial;;;;;;;;;black;red;hori;1;blackredhori.png;blackredhori1.png;parity;L;0;blackredhori.png;3.0;34.0;;vertLL.png
344;trial;;;;;;;;;black;blue;vert;7;blackbluevert.png;blackbluevert7.png;magnit;L;0;blackbluevert.png;3.0;35.0;;vertLL.png
345;trial;;;;;;;;;black;red;hori;9;blackredhori.png;blackredhori9.png;parity;L;0;blackredhori.png;3.0;36.0;;vertLL.png
346;trial;;;;;;;;;black;blue;hori;8;blackbluehori.png;blackbluehori8.png;parity;A;0;blackbluehori.png;3.0;37.0;;vertLL.png
347;trial;;;;;;;;;black;red;vert;7;blackredvert.png;blackredvert7.png;magnit;L;0;blackredvert.png;3.0;38.0;;vertLL.png
348;trial;;;;;;;;;black;red;vert;6;blackredvert.png;blackredvert6.png;magnit;L;0;blackredvert.png;3.0;39.0;;vertLL.png
349;trial;;;;;;;;;black;red;hori;7;blackredhori.png;blackredhori7.png;parity;L;0;blackredhori.png;3.0;40.0;;vertLL.png
350;trial;;;;;;;;;black;red;vert;4;blackredvert.png;blackredvert4.png;magnit;A;0;blackredvert.png;3.0;41.0;;vertLL.png
351;trial;;;;;;;;;black;blue;hori;7;blackbluehori.png;blackbluehori7.png;parity;L;0;blackbluehori.png;3.0;42.0;;vertLL.png
352;trial;;;;;;;;;black;red;hori;2;blackredhori.png;blackredhori2.png;parity;A;0;blackredhori.png;3.0;43.0;;vertLL.png
353;trial;;;;;;;;;black;blue;hori;6;blackbluehori.png;blackbluehori6.png;parity;A;0;blackbluehori.png;3.0;44.0;;vertLL.png
354;trial;;;;;;;;;black;blue;vert;2;blackbluevert.png;blackbluevert2.png;magnit;A;0;blackbluevert.png;3.0;45.0;;vertLL.png
355;trial;;;;;;;;;black;red;hori;9;blackredhori.png;blackredhori9.png;parity;L;0;blackredhori.png;3.0;46.0;;vertLL.png
356;trial;;;;;;;;;black;red;hori;2;blackredhori.png;blackredhori2.png;parity;A;0;blackredhori.png;3.0;47.0;;vertLL.png
357;trial;;;;;;;;;black;red;vert;6;blackredvert.png;blackredvert6.png;magnit;L;0;blackredvert.png;3.0;48.0;;vertLL.png
358;trial;;;;;;;;;black;blue;vert;2;blackbluevert.png;blackbluevert2.png;magnit;A;0;blackbluevert.png;3.0;49.0;;vertLL.png
359;trial;;;;;;;;;black;red;vert;9;blackredvert.png;blackredvert9.png;magnit;L;0;blackredvert.png;3.0;50.0;;vertLL.png
360;trial;;;;;;;;;black;red;hori;6;blackredhori.png;blackredhori6.png;parity;A;0;blackredhori.png;3.0;51.0;;vertLL.png
361;trial;;;;;;;;;black;blue;vert;4;blackbluevert.png;blackbluevert4.png;magnit;A;0;blackbluevert.png;3.0;52.0;;vertLL.png
362;trial;;;;;;;;;black;blue;hori;1;blackbluehori.png;blackbluehori1.png;parity;L;0;blackbluehori.png;3.0;53.0;;vertLL.png
363;trial;;;;;;;;;black;blue;hori;2;blackbluehori.png;blackbluehori2.png;parity;A;0;blackbluehori.png;3.0;54.0;;vertLL.png
364;trial;;;;;;;;;black;red;hori;3;blackredhori.png;blackredhori3.png;parity;L;0;blackredhori.png;3.0;55.0;;vertLL.png
365;trial;;;;;;;;;black;red;hori;1;blackredhori.png;blackredhori1.png;parity;L;0;blackredhori.png;3.0;56.0;;vertLL.png
366;trial;;;;;;;;;black;red;vert;8;blackredvert.png;blackredvert8.png;magnit;L;0;blackredvert.png;3.0;57.0;;vertLL.png
367;trial;;;;;;;;;black;red;vert;2;blackredvert.png;blackredvert2.png;magnit;A;0;blackredvert.png;3.0;58.0;;vertLL.png
368;trial;;;;;;;;;black;red;vert;3;blackredvert.png;blackredvert3.png;magnit;A;0;blackredvert.png;3.0;59.0;;vertLL.png
369;trial;;;;;;;;;black;blue;hori;6;blackbluehori.png;blackbluehori6.png;parity;A;0;blackbluehori.png;3.0;60.0;;vertLL.png
370;trial;;;;;;;;;black;red;vert;2;blackredvert.png;blackredvert2.png;magnit;A;0;blackredvert.png;3.0;61.0;;vertLL.png
371;trial;;;;;;;;;black;red;vert;3;blackredvert.png;blackredvert3.png;magnit;A;0;blackredvert.png;3.0;62.0;;vertLL.png
372;trial;;;;;;;;;black;blue;vert;8;blackbluevert.png;blackbluevert8.png;magnit;L;0;blackbluevert.png;3.0;63.0;;vertLL.png
373;trial;;;;;;;;;black;blue;vert;7;blackbluevert.png;blackbluevert7.png;magnit;L;0;blackbluevert.png;3.0;64.0;;vertLL.png
374;trial;;;;;;;;;black;red;hori;3;blackredhori.png;blackredhori3.png;parity;L;0;blackredhori.png;3.0;65.0;;vertLL.png
375;trial;;;;;;;;;black;blue;vert;4;blackbluevert.png;blackbluevert4.png;magnit;A;0;blackbluevert.png;3.0;66.0;;vertLL.png
376;trial;;;;;;;;;black;red;vert;7;blackredvert.png;blackredvert7.png;magnit;L;0;blackredvert.png;3.0;67.0;;vertLL.png
377;trial;;;;;;;;;black;red;vert;6;blackredvert.png;blackredvert6.png;magnit;L;0;blackredvert.png;3.0;68.0;;vertLL.png
378;trial;;;;;;;;;black;red;hori;4;blackredhori.png;blackredhori4.png;parity;A;0;blackredhori.png;3.0;69.0;;vertLL.png
379;trial;;;;;;;;;black;red;vert;3;blackredvert.png;blackredvert3.png;magnit;A;0;blackredvert.png;3.0;70.0;;vertLL.png
380;trial;;;;;;;;;black;red;vert;7;blackredvert.png;blackredvert7.png;magnit;L;0;blackredvert.png;3.0;71.0;;vertLL.png
381;trial;;;;;;;;;black;red;hori;4;blackredhori.png;blackredhori4.png;parity;A;0;blackredhori.png;3.0;72.0;;vertLL.png
382;trial;;;;;;;;;black;blue;vert;6;blackbluevert.png;blackbluevert6.png;magnit;L;0;blackbluevert.png;3.0;73.0;;vertLL.png
383;trial;;;;;;;;;black;red;vert;2;blackredvert.png;blackredvert2.png;magnit;A;0;blackredvert.png;3.0;74.0;;vertLL.png
384;trial;;;;;;;;;black;red;hori;6;blackredhori.png;blackredhori6.png;parity;A;0;blackredhori.png;3.0;75.0;;vertLL.png
385;trial;;;;;;;;;black;red;hori;7;blackredhori.png;blackredhori7.png;parity;L;0;blackredhori.png;3.0;76.0;;vertLL.png
386;trial;;;;;;;;;black;blue;vert;3;blackbluevert.png;blackbluevert3.png;magnit;A;0;blackbluevert.png;3.0;77.0;;vertLL.png
387;trial;;;;;;;;;black;red;hori;9;blackredhori.png;blackredhori9.png;parity;L;0;blackredhori.png;3.0;78.0;;vertLL.png
388;trial;;;;;;;;;black;red;hori;4;blackredhori.png;blackredhori4.png;parity;A;0;blackredhori.png;3.0;79.0;;vertLL.png
389;trial;;;;;;;;;black;red;vert;8;blackredvert.png;blackredvert8.png;magnit;L;0;blackredvert.png;3.0;80.0;;vertLL.png
390;trial;;;;;;;;;black;red;vert;9;blackredvert.png;blackredvert9.png;magnit;L;0;blackredvert.png;3.0;81.0;;vertLL.png
391;trial;;;;;;;;;black;red;vert;1;blackredvert.png;blackredvert1.png;magnit;A;0;blackredvert.png;3.0;82.0;;vertLL.png
392;trial;;;;;;;;;black;blue;hori;7;blackbluehori.png;blackbluehori7.png;parity;L;0;blackbluehori.png;3.0;83.0;;vertLL.png
393;trial;;;;;;;;;black;blue;vert;3;blackbluevert.png;blackbluevert3.png;magnit;A;0;blackbluevert.png;3.0;84.0;;vertLL.png
394;trial;;;;;;;;;black;blue;hori;4;blackbluehori.png;blackbluehori4.png;parity;A;0;blackbluehori.png;3.0;85.0;;vertLL.png
395;trial;;;;;;;;;black;blue;hori;9;blackbluehori.png;blackbluehori9.png;parity;L;0;blackbluehori.png;3.0;86.0;;vertLL.png
396;trial;;;;;;;;;black;red;vert;4;blackredvert.png;blackredvert4.png;magnit;A;0;blackredvert.png;3.0;87.0;;vertLL.png
397;trial;;;;;;;;;black;blue;hori;3;blackbluehori.png;blackbluehori3.png;parity;L;0;blackbluehori.png;3.0;88.0;;vertLL.png
398;trial;;;;;;;;;black;blue;hori;2;blackbluehori.png;blackbluehori2.png;parity;A;0;blackbluehori.png;3.0;89.0;;vertLL.png
399;trial;;;;;;;;;black;blue;vert;9;blackbluevert.png;blackbluevert9.png;magnit;L;0;blackbluevert.png;3.0;90.0;;vertLL.png
400;trial;;;;;;;;;black;blue;vert;1;blackbluevert.png;blackbluevert1.png;magnit;A;0;blackbluevert.png;3.0;91.0;;vertLL.png
401;trial;;;;;;;;;black;red;vert;8;blackredvert.png;blackredvert8.png;magnit;L;0;blackredvert.png;3.0;92.0;;vertLL.png
402;trial;;;;;;;;;black;blue;hori;2;blackbluehori.png;blackbluehori2.png;parity;A;0;blackbluehori.png;3.0;93.0;;vertLL.png
403;trial;;;;;;;;;black;blue;hori;8;blackbluehori.png;blackbluehori8.png;parity;A;0;blackbluehori.png;3.0;94.0;;vertLL.png
404;trial;;;;;;;;;black;blue;hori;1;blackbluehori.png;blackbluehori1.png;parity;L;0;blackbluehori.png;3.0;95.0;;vertLL.png
405;break;;;;;;;;;;;;;;;;;;;;;## You have completed block 4 out of 8.;vertLL.png
406;trial;;;;;;;;;black;blue;vert;1;blackbluevert.png;blackbluevert1.png;magnit;A;300;blackblackvert.png;4.0;0.0;;vertLL.png
407;trial;;;;;;;;;black;blue;hori;8;blackbluehori.png;blackbluehori8.png;parity;A;300;blackblackhori.png;4.0;1.0;;vertLL.png
408;trial;;;;;;;;;black;red;vert;9;blackredvert.png;blackredvert9.png;magnit;L;300;blackblackvert.png;4.0;2.0;;vertLL.png
409;trial;;;;;;;;;black;red;vert;2;blackredvert.png;blackredvert2.png;magnit;A;300;blackblackvert.png;4.0;3.0;;vertLL.png
410;trial;;;;;;;;;black;red;vert;1;blackredvert.png;blackredvert1.png;magnit;A;300;blackblackvert.png;4.0;4.0;;vertLL.png
411;trial;;;;;;;;;black;blue;hori;2;blackbluehori.png;blackbluehori2.png;parity;A;300;blackblackhori.png;4.0;5.0;;vertLL.png
412;trial;;;;;;;;;black;blue;hori;3;blackbluehori.png;blackbluehori3.png;parity;L;300;blackblackhori.png;4.0;6.0;;vertLL.png
413;trial;;;;;;;;;black;blue;hori;7;blackbluehori.png;blackbluehori7.png;parity;L;300;blackblackhori.png;4.0;7.0;;vertLL.png
414;trial;;;;;;;;;black;blue;vert;3;blackbluevert.png;blackbluevert3.png;magnit;A;300;blackblackvert.png;4.0;8.0;;vertLL.png
415;trial;;;;;;;;;black;red;vert;2;blackredvert.png;blackredvert2.png;magnit;A;300;blackblackvert.png;4.0;9.0;;vertLL.png
416;trial;;;;;;;;;black;blue;vert;4;blackbluevert.png;blackbluevert4.png;magnit;A;300;blackblackvert.png;4.0;10.0;;vertLL.png
417;trial;;;;;;;;;black;red;vert;6;blackredvert.png;blackredvert6.png;magnit;L;300;blackblackvert.png;4.0;11.0;;vertLL.png
418;trial;;;;;;;;;black;blue;vert;3;blackbluevert.png;blackbluevert3.png;magnit;A;300;blackblackvert.png;4.0;12.0;;vertLL.png
419;trial;;;;;;;;;black;red;hori;1;blackredhori.png;blackredhori1.png;parity;L;300;blackblackhori.png;4.0;13.0;;vertLL.png
420;trial;;;;;;;;;black;red;hori;7;blackredhori.png;blackredhori7.png;parity;L;300;blackblackhori.png;4.0;14.0;;vertLL.png
421;trial;;;;;;;;;black;red;vert;8;blackredvert.png;blackredvert8.png;magnit;L;300;blackblackvert.png;4.0;15.0;;vertLL.png
422;trial;;;;;;;;;black;red;hori;7;blackredhori.png;blackredhori7.png;parity;L;300;blackblackhori.png;4.0;16.0;;vertLL.png
423;trial;;;;;;;;;black;blue;hori;2;blackbluehori.png;blackbluehori2.png;parity;A;300;blackblackhori.png;4.0;17.0;;vertLL.png
424;trial;;;;;;;;;black;blue;hori;7;blackbluehori.png;blackbluehori7.png;parity;L;300;blackblackhori.png;4.0;18.0;;vertLL.png
425;trial;;;;;;;;;black;red;hori;6;blackredhori.png;blackredhori6.png;parity;A;300;blackblackhori.png;4.0;19.0;;vertLL.png
426;trial;;;;;;;;;black;red;hori;9;blackredhori.png;blackredhori9.png;parity;L;300;blackblackhori.png;4.0;20.0;;vertLL.png
427;trial;;;;;;;;;black;red;hori;2;blackredhori.png;blackredhori2.png;parity;A;300;blackblackhori.png;4.0;21.0;;vertLL.png
428;trial;;;;;;;;;black;blue;vert;8;blackbluevert.png;blackbluevert8.png;magnit;L;300;blackblackvert.png;4.0;22.0;;vertLL.png
429;trial;;;;;;;;;black;red;vert;7;blackredvert.png;blackredvert7.png;magnit;L;300;blackblackvert.png;4.0;23.0;;vertLL.png
430;trial;;;;;;;;;black;red;hori;4;blackredhori.png;blackredhori4.png;parity;A;300;blackblackhori.png;4.0;24.0;;vertLL.png
431;trial;;;;;;;;;black;red;vert;3;blackredvert.png;blackredvert3.png;magnit;A;300;blackblackvert.png;4.0;25.0;;vertLL.png
432;trial;;;;;;;;;black;red;hori;2;blackredhori.png;blackredhori2.png;parity;A;300;blackblackhori.png;4.0;26.0;;vertLL.png
433;trial;;;;;;;;;black;red;hori;8;blackredhori.png;blackredhori8.png;parity;A;300;blackblackhori.png;4.0;27.0;;vertLL.png
434;trial;;;;;;;;;black;blue;hori;1;blackbluehori.png;blackbluehori1.png;parity;L;300;blackblackhori.png;4.0;28.0;;vertLL.png
435;trial;;;;;;;;;black;red;vert;4;blackredvert.png;blackredvert4.png;magnit;A;300;blackblackvert.png;4.0;29.0;;vertLL.png
436;trial;;;;;;;;;black;blue;hori;1;blackbluehori.png;blackbluehori1.png;parity;L;300;blackblackhori.png;4.0;30.0;;vertLL.png
437;trial;;;;;;;;;black;red;vert;3;blackredvert.png;blackredvert3.png;magnit;A;300;blackblackvert.png;4.0;31.0;;vertLL.png
438;trial;;;;;;;;;black;red;vert;8;blackredvert.png;blackredvert8.png;magnit;L;300;blackblackvert.png;4.0;32.0;;vertLL.png
439;trial;;;;;;;;;black;blue;vert;1;blackbluevert.png;blackbluevert1.png;magnit;A;300;blackblackvert.png;4.0;33.0;;vertLL.png
440;trial;;;;;;;;;black;blue;vert;4;blackbluevert.png;blackbluevert4.png;magnit;A;300;blackblackvert.png;4.0;34.0;;vertLL.png
441;trial;;;;;;;;;black;red;vert;9;blackredvert.png;blackredvert9.png;magnit;L;300;blackblackvert.png;4.0;35.0;;vertLL.png
442;trial;;;;;;;;;black;blue;hori;4;blackbluehori.png;blackbluehori4.png;parity;A;300;blackblackhori.png;4.0;36.0;;vertLL.png
443;trial;;;;;;;;;black;red;vert;9;blackredvert.png;blackredvert9.png;magnit;L;300;blackblackvert.png;4.0;37.0;;vertLL.png
444;trial;;;;;;;;;black;red;vert;4;blackredvert.png;blackredvert4.png;magnit;A;300;blackblackvert.png;4.0;38.0;;vertLL.png
445;trial;;;;;;;;;black;blue;vert;9;blackbluevert.png;blackbluevert9.png;magnit;L;300;blackblackvert.png;4.0;39.0;;vertLL.png
446;trial;;;;;;;;;black;red;vert;7;blackredvert.png;blackredvert7.png;magnit;L;300;blackblackvert.png;4.0;40.0;;vertLL.png
447;trial;;;;;;;;;black;red;hori;9;blackredhori.png;blackredhori9.png;parity;L;300;blackblackhori.png;4.0;41.0;;vertLL.png
448;trial;;;;;;;;;black;blue;vert;6;blackbluevert.png;blackbluevert6.png;magnit;L;300;blackblackvert.png;4.0;42.0;;vertLL.png
449;trial;;;;;;;;;black;blue;hori;7;blackbluehori.png;blackbluehori7.png;parity;L;300;blackblackhori.png;4.0;43.0;;vertLL.png
450;trial;;;;;;;;;black;blue;vert;6;blackbluevert.png;blackbluevert6.png;magnit;L;300;blackblackvert.png;4.0;44.0;;vertLL.png
451;trial;;;;;;;;;black;blue;vert;7;blackbluevert.png;blackbluevert7.png;magnit;L;300;blackblackvert.png;4.0;45.0;;vertLL.png
452;trial;;;;;;;;;black;blue;hori;8;blackbluehori.png;blackbluehori8.png;parity;A;300;blackblackhori.png;4.0;46.0;;vertLL.png
453;trial;;;;;;;;;black;blue;hori;9;blackbluehori.png;blackbluehori9.png;parity;L;300;blackblackhori.png;4.0;47.0;;vertLL.png
454;trial;;;;;;;;;black;red;hori;1;blackredhori.png;blackredhori1.png;parity;L;300;blackblackhori.png;4.0;48.0;;vertLL.png
455;trial;;;;;;;;;black;blue;hori;6;blackbluehori.png;blackbluehori6.png;parity;A;300;blackblackhori.png;4.0;49.0;;vertLL.png
456;trial;;;;;;;;;black;red;vert;3;blackredvert.png;blackredvert3.png;magnit;A;300;blackblackvert.png;4.0;50.0;;vertLL.png
457;trial;;;;;;;;;black;blue;hori;1;blackbluehori.png;blackbluehori1.png;parity;L;300;blackblackhori.png;4.0;51.0;;vertLL.png
458;trial;;;;;;;;;black;blue;hori;3;blackbluehori.png;blackbluehori3.png;parity;L;300;blackblackhori.png;4.0;52.0;;vertLL.png
459;trial;;;;;;;;;black;red;vert;4;blackredvert.png;blackredvert4.png;magnit;A;300;blackblackvert.png;4.0;53.0;;vertLL.png
460;trial;;;;;;;;;black;red;hori;3;blackredhori.png;blackredhori3.png;parity;L;300;blackblackhori.png;4.0;54.0;;vertLL.png
461;trial;;;;;;;;;black;blue;hori;4;blackbluehori.png;blackbluehori4.png;parity;A;300;blackblackhori.png;4.0;55.0;;vertLL.png
462;trial;;;;;;;;;black;blue;vert;7;blackbluevert.png;blackbluevert7.png;magnit;L;300;blackblackvert.png;4.0;56.0;;vertLL.png
463;trial;;;;;;;;;black;red;hori;9;blackredhori.png;blackredhori9.png;parity;L;300;blackblackhori.png;4.0;57.0;;vertLL.png
464;trial;;;;;;;;;black;red;vert;1;blackredvert.png;blackredvert1.png;magnit;A;300;blackblackvert.png;4.0;58.0;;vertLL.png
465;trial;;;;;;;;;black;red;hori;2;blackredhori.png;blackredhori2.png;parity;A;300;blackblackhori.png;4.0;59.0;;vertLL.png
466;trial;;;;;;;;;black;blue;vert;4;blackbluevert.png;blackbluevert4.png;magnit;A;300;blackblackvert.png;4.0;60.0;;vertLL.png
467;trial;;;;;;;;;black;red;vert;1;blackredvert.png;blackredvert1.png;magnit;A;300;blackblackvert.png;4.0;61.0;;vertLL.png
468;trial;;;;;;;;;black;blue;vert;7;blackbluevert.png;blackbluevert7.png;magnit;L;300;blackblackvert.png;4.0;62.0;;vertLL.png
469;trial;;;;;;;;;black;red;hori;8;blackredhori.png;blackredhori8.png;parity;A;300;blackblackhori.png;4.0;63.0;;vertLL.png
470;trial;;;;;;;;;black;blue;hori;6;blackbluehori.png;blackbluehori6.png;parity;A;300;blackblackhori.png;4.0;64.0;;vertLL.png
471;trial;;;;;;;;;black;red;hori;3;blackredhori.png;blackredhori3.png;parity;L;300;blackblackhori.png;4.0;65.0;;vertLL.png
472;trial;;;;;;;;;black;blue;vert;2;blackbluevert.png;blackbluevert2.png;magnit;A;300;blackblackvert.png;4.0;66.0;;vertLL.png
473;trial;;;;;;;;;black;blue;vert;6;blackbluevert.png;blackbluevert6.png;magnit;L;300;blackblackvert.png;4.0;67.0;;vertLL.png
474;trial;;;;;;;;;black;blue;hori;3;blackbluehori.png;blackbluehori3.png;parity;L;300;blackblackhori.png;4.0;68.0;;vertLL.png
475;trial;;;;;;;;;black;red;vert;7;blackredvert.png;blackredvert7.png;magnit;L;300;blackblackvert.png;4.0;69.0;;vertLL.png
476;trial;;;;;;;;;black;blue;vert;9;blackbluevert.png;blackbluevert9.png;magnit;L;300;blackblackvert.png;4.0;70.0;;vertLL.png
477;trial;;;;;;;;;black;blue;vert;8;blackbluevert.png;blackbluevert8.png;magnit;L;300;blackblackvert.png;4.0;71.0;;vertLL.png
478;trial;;;;;;;;;black;red;hori;7;blackredhori.png;blackredhori7.png;parity;L;300;blackblackhori.png;4.0;72.0;;vertLL.png
479;trial;;;;;;;;;black;blue;hori;9;blackbluehori.png;blackbluehori9.png;parity;L;300;blackblackhori.png;4.0;73.0;;vertLL.png
480;trial;;;;;;;;;black;red;vert;2;blackredvert.png;blackredvert2.png;magnit;A;300;blackblackvert.png;4.0;74.0;;vertLL.png
481;trial;;;;;;;;;black;red;hori;3;blackredhori.png;blackredhori3.png;parity;L;300;blackblackhori.png;4.0;75.0;;vertLL.png
482;trial;;;;;;;;;black;blue;vert;9;blackbluevert.png;blackbluevert9.png;magnit;L;300;blackblackvert.png;4.0;76.0;;vertLL.png
483;trial;;;;;;;;;black;blue;vert;3;blackbluevert.png;blackbluevert3.png;magnit;A;300;blackblackvert.png;4.0;77.0;;vertLL.png
484;trial;;;;;;;;;black;red;vert;6;blackredvert.png;blackredvert6.png;magnit;L;300;blackblackvert.png;4.0;78.0;;vertLL.png
485;trial;;;;;;;;;black;blue;hori;2;blackbluehori.png;blackbluehori2.png;parity;A;300;blackblackhori.png;4.0;79.0;;vertLL.png
486;trial;;;;;;;;;black;red;hori;4;blackredhori.png;blackredhori4.png;parity;A;300;blackblackhori.png;4.0;80.0;;vertLL.png
487;trial;;;;;;;;;black;blue;vert;2;blackbluevert.png;blackbluevert2.png;magnit;A;300;blackblackvert.png;4.0;81.0;;vertLL.png
488;trial;;;;;;;;;black;red;hori;6;blackredhori.png;blackredhori6.png;parity;A;300;blackblackhori.png;4.0;82.0;;vertLL.png
489;trial;;;;;;;;;black;red;hori;1;blackredhori.png;blackredhori1.png;parity;L;300;blackblackhori.png;4.0;83.0;;vertLL.png
490;trial;;;;;;;;;black;red;hori;4;blackredhori.png;blackredhori4.png;parity;A;300;blackblackhori.png;4.0;84.0;;vertLL.png
491;trial;;;;;;;;;black;red;vert;8;blackredvert.png;blackredvert8.png;magnit;L;300;blackblackvert.png;4.0;85.0;;vertLL.png
492;trial;;;;;;;;;black;blue;hori;6;blackbluehori.png;blackbluehori6.png;parity;A;300;blackblackhori.png;4.0;86.0;;vertLL.png
493;trial;;;;;;;;;black;blue;vert;2;blackbluevert.png;blackbluevert2.png;magnit;A;300;blackblackvert.png;4.0;87.0;;vertLL.png
494;trial;;;;;;;;;black;blue;hori;4;blackbluehori.png;blackbluehori4.png;parity;A;300;blackblackhori.png;4.0;88.0;;vertLL.png
495;trial;;;;;;;;;black;red;hori;8;blackredhori.png;blackredhori8.png;parity;A;300;blackblackhori.png;4.0;89.0;;vertLL.png
496;trial;;;;;;;;;black;blue;hori;9;blackbluehori.png;blackbluehori9.png;parity;L;300;blackblackhori.png;4.0;90.0;;vertLL.png
497;trial;;;;;;;;;black;blue;hori;8;blackbluehori.png;blackbluehori8.png;parity;A;300;blackblackhori.png;4.0;91.0;;vertLL.png
498;trial;;;;;;;;;black;red;vert;6;blackredvert.png;blackredvert6.png;magnit;L;300;blackblackvert.png;4.0;92.0;;vertLL.png
499;trial;;;;;;;;;black;blue;vert;8;blackbluevert.png;blackbluevert8.png;magnit;L;300;blackblackvert.png;4.0;93.0;;vertLL.png
500;trial;;;;;;;;;black;red;hori;6;blackredhori.png;blackredhori6.png;parity;A;300;blackblackhori.png;4.0;94.0;;vertLL.png
501;trial;;;;;;;;;black;blue;vert;1;blackbluevert.png;blackbluevert1.png;magnit;A;300;blackblackvert.png;4.0;95.0;;vertLL.png
502;break;;;;;;;;;;;;;;;;;;;;;## You have completed block 5 out of 8.;vertLL.png
503;trial;;;;;;;;;black;red;hori;7;blackredhori.png;blackredhori7.png;parity;L;0;blackredhori.png;5.0;0.0;;vertLL.png
504;trial;;;;;;;;;black;blue;hori;1;blackbluehori.png;blackbluehori1.png;parity;L;0;blackbluehori.png;5.0;1.0;;vertLL.png
505;trial;;;;;;;;;black;blue;vert;3;blackbluevert.png;blackbluevert3.png;magnit;A;0;blackbluevert.png;5.0;2.0;;vertLL.png
506;trial;;;;;;;;;black;blue;vert;9;blackbluevert.png;blackbluevert9.png;magnit;L;0;blackbluevert.png;5.0;3.0;;vertLL.png
507;trial;;;;;;;;;black;red;vert;3;blackredvert.png;blackredvert3.png;magnit;A;0;blackredvert.png;5.0;4.0;;vertLL.png
508;trial;;;;;;;;;black;blue;hori;9;blackbluehori.png;blackbluehori9.png;parity;L;0;blackbluehori.png;5.0;5.0;;vertLL.png
509;trial;;;;;;;;;black;red;vert;1;blackredvert.png;blackredvert1.png;magnit;A;0;blackredvert.png;5.0;6.0;;vertLL.png
510;trial;;;;;;;;;black;red;hori;3;blackredhori.png;blackredhori3.png;parity;L;0;blackredhori.png;5.0;7.0;;vertLL.png
511;trial;;;;;;;;;black;blue;vert;4;blackbluevert.png;blackbluevert4.png;magnit;A;0;blackbluevert.png;5.0;8.0;;vertLL.png
512;trial;;;;;;;;;black;red;vert;8;blackredvert.png;blackredvert8.png;magnit;L;0;blackredvert.png;5.0;9.0;;vertLL.png
513;trial;;;;;;;;;black;blue;hori;9;blackbluehori.png;blackbluehori9.png;parity;L;0;blackbluehori.png;5.0;10.0;;vertLL.png
514;trial;;;;;;;;;black;red;vert;3;blackredvert.png;blackredvert3.png;magnit;A;0;blackredvert.png;5.0;11.0;;vertLL.png
515;trial;;;;;;;;;black;blue;hori;7;blackbluehori.png;blackbluehori7.png;parity;L;0;blackbluehori.png;5.0;12.0;;vertLL.png
516;trial;;;;;;;;;black;blue;vert;9;blackbluevert.png;blackbluevert9.png;magnit;L;0;blackbluevert.png;5.0;13.0;;vertLL.png
517;trial;;;;;;;;;black;blue;hori;8;blackbluehori.png;blackbluehori8.png;parity;A;0;blackbluehori.png;5.0;14.0;;vertLL.png
518;trial;;;;;;;;;black;red;vert;7;blackredvert.png;blackredvert7.png;magnit;L;0;blackredvert.png;5.0;15.0;;vertLL.png
519;trial;;;;;;;;;black;red;hori;9;blackredhori.png;blackredhori9.png;parity;L;0;blackredhori.png;5.0;16.0;;vertLL.png
520;trial;;;;;;;;;black;blue;vert;7;blackbluevert.png;blackbluevert7.png;magnit;L;0;blackbluevert.png;5.0;17.0;;vertLL.png
521;trial;;;;;;;;;black;red;hori;9;blackredhori.png;blackredhori9.png;parity;L;0;blackredhori.png;5.0;18.0;;vertLL.png
522;trial;;;;;;;;;black;blue;hori;4;blackbluehori.png;blackbluehori4.png;parity;A;0;blackbluehori.png;5.0;19.0;;vertLL.png
523;trial;;;;;;;;;black;red;hori;9;blackredhori.png;blackredhori9.png;parity;L;0;blackredhori.png;5.0;20.0;;vertLL.png
524;trial;;;;;;;;;black;blue;hori;7;blackbluehori.png;blackbluehori7.png;parity;L;0;blackbluehori.png;5.0;21.0;;vertLL.png
525;trial;;;;;;;;;black;red;hori;4;blackredhori.png;blackredhori4.png;parity;A;0;blackredhori.png;5.0;22.0;;vertLL.png
526;trial;;;;;;;;;black;blue;hori;9;blackbluehori.png;blackbluehori9.png;parity;L;0;blackbluehori.png;5.0;23.0;;vertLL.png
527;trial;;;;;;;;;black;blue;hori;1;blackbluehori.png;blackbluehori1.png;parity;L;0;blackbluehori.png;5.0;24.0;;vertLL.png
528;trial;;;;;;;;;black;red;vert;6;blackredvert.png;blackredvert6.png;magnit;L;0;blackredvert.png;5.0;25.0;;vertLL.png
529;trial;;;;;;;;;black;red;hori;3;blackredhori.png;blackredhori3.png;parity;L;0;blackredhori.png;5.0;26.0;;vertLL.png
530;trial;;;;;;;;;black;blue;vert;2;blackbluevert.png;blackbluevert2.png;magnit;A;0;blackbluevert.png;5.0;27.0;;vertLL.png
531;trial;;;;;;;;;black;red;hori;4;blackredhori.png;blackredhori4.png;parity;A;0;blackredhori.png;5.0;28.0;;vertLL.png
532;trial;;;;;;;;;black;red;vert;2;blackredvert.png;blackredvert2.png;magnit;A;0;blackredvert.png;5.0;29.0;;vertLL.png
533;trial;;;;;;;;;black;red;vert;4;blackredvert.png;blackredvert4.png;magnit;A;0;blackredvert.png;5.0;30.0;;vertLL.png
534;trial;;;;;;;;;black;blue;hori;6;blackbluehori.png;blackbluehori6.png;parity;A;0;blackbluehori.png;5.0;31.0;;vertLL.png
535;trial;;;;;;;;;black;red;hori;2;blackredhori.png;blackredhori2.png;parity;A;0;blackredhori.png;5.0;32.0;;vertLL.png
536;trial;;;;;;;;;black;red;hori;7;blackredhori.png;blackredhori7.png;parity;L;0;blackredhori.png;5.0;33.0;;vertLL.png
537;trial;;;;;;;;;black;red;hori;2;blackredhori.png;blackredhori2.png;parity;A;0;blackredhori.png;5.0;34.0;;vertLL.png
538;trial;;;;;;;;;black;red;hori;8;blackredhori.png;blackredhori8.png;parity;A;0;blackredhori.png;5.0;35.0;;vertLL.png
539;trial;;;;;;;;;black;red;hori;6;blackredhori.png;blackredhori6.png;parity;A;0;blackredhori.png;5.0;36.0;;vertLL.png
540;trial;;;;;;;;;black;blue;vert;2;blackbluevert.png;blackbluevert2.png;magnit;A;0;blackbluevert.png;5.0;37.0;;vertLL.png
541;trial;;;;;;;;;black;blue;vert;3;blackbluevert.png;blackbluevert3.png;magnit;A;0;blackbluevert.png;5.0;38.0;;vertLL.png
542;trial;;;;;;;;;black;blue;vert;8;blackbluevert.png;blackbluevert8.png;magnit;L;0;blackbluevert.png;5.0;39.0;;vertLL.png
543;trial;;;;;;;;;black;blue;vert;7;blackbluevert.png;blackbluevert7.png;magnit;L;0;blackbluevert.png;5.0;40.0;;vertLL.png
544;trial;;;;;;;;;black;blue;hori;2;blackbluehori.png;blackbluehori2.png;parity;A;0;blackbluehori.png;5.0;41.0;;vertLL.png
545;trial;;;;;;;;;black;blue;hori;6;blackbluehori.png;blackbluehori6.png;parity;A;0;blackbluehori.png;5.0;42.0;;vertLL.png
546;trial;;;;;;;;;black;red;vert;8;blackredvert.png;blackredvert8.png;magnit;L;0;blackredvert.png;5.0;43.0;;vertLL.png
547;trial;;;;;;;;;black;red;vert;2;blackredvert.png;blackredvert2.png;magnit;A;0;blackredvert.png;5.0;44.0;;vertLL.png
548;trial;;;;;;;;;black;blue;vert;6;blackbluevert.png;blackbluevert6.png;magnit;L;0;blackbluevert.png;5.0;45.0;;vertLL.png
549;trial;;;;;;;;;black;blue;vert;1;blackbluevert.png;blackbluevert1.png;magnit;A;0;blackbluevert.png;5.0;46.0;;vertLL.png
550;trial;;;;;;;;;black;blue;vert;4;blackbluevert.png;blackbluevert4.png;magnit;A;0;blackbluevert.png;5.0;47.0;;vertLL.png
551;trial;;;;;;;;;black;blue;hori;2;blackbluehori.png;blackbluehori2.png;parity;A;0;blackbluehori.png;5.0;48.0;;vertLL.png
552;trial;;;;;;;;;black;red;vert;1;blackredvert.png;blackredvert1.png;magnit;A;0;blackredvert.png;5.0;49.0;;vertLL.png
553;trial;;;;;;;;;black;red;hori;7;blackredhori.png;blackredhori7.png;parity;L;0;blackredhori.png;5.0;50.0;;vertLL.png
554;trial;;;;;;;;;black;red;vert;4;blackredvert.png;blackredvert4.png;magnit;A;0;blackredvert.png;5.0;51.0;;vertLL.png
555;trial;;;;;;;;;black;red;vert;1;blackredvert.png;blackredvert1.png;magnit;A;0;blackredvert.png;5.0;52.0;;vertLL.png
556;trial;;;;;;;;;black;blue;hori;3;blackbluehori.png;blackbluehori3.png;parity;L;0;blackbluehori.png;5.0;53.0;;vertLL.png
557;trial;;;;;;;;;black;blue;vert;9;blackbluevert.png;blackbluevert9.png;magnit;L;0;blackbluevert.png;5.0;54.0;;vertLL.png
558;trial;;;;;;;;;black;red;hori;8;blackredhori.png;blackredhori8.png;parity;A;0;blackredhori.png;5.0;55.0;;vertLL.png
559;trial;;;;;;;;;black;blue;hori;6;blackbluehori.png;blackbluehori6.png;parity;A;0;blackbluehori.png;5.0;56.0;;vertLL.png
560;trial;;;;;;;;;black;red;vert;9;blackredvert.png;blackredvert9.png;magnit;L;0;blackredvert.png;5.0;57.0;;vertLL.png
561;trial;;;;;;;;;black;red;hori;8;blackredhori.png;blackredhori8.png;parity;A;0;blackredhori.png;5.0;58.0;;vertLL.png
562;trial;;;;;;;;;black;blue;vert;6;blackbluevert.png;blackbluevert6.png;magnit;L;0;blackbluevert.png;5.0;59.0;;vertLL.png
563;trial;;;;;;;;;black;blue;vert;1;blackbluevert.png;blackbluevert1.png;magnit;A;0;blackbluevert.png;5.0;60.0;;vertLL.png
564;trial;;;;;;;;;black;blue;hori;8;blackbluehori.png;blackbluehori8.png;parity;A;0;blackbluehori.png;5.0;61.0;;vertLL.png
565;trial;;;;;;;;;black;blue;vert;6;blackbluevert.png;blackbluevert6.png;magnit;L;0;blackbluevert.png;5.0;62.0;;vertLL.png
566;trial;;;;;;;;;black;blue;vert;8;blackbluevert.png;blackbluevert8.png;magnit;L;0;blackbluevert.png;5.0;63.0;;vertLL.png
567;trial;;;;;;;;;black;red;hori;1;blackredhori.png;blackredhori1.png;parity;L;0;blackredhori.png;5.0;64.0;;vertLL.png
568;trial;;;;;;;;;black;blue;vert;8;blackbluevert.png;blackbluevert8.png;magnit;L;0;blackbluevert.png;5.0;65.0;;vertLL.png
569;trial;;;;;;;;;black;red;vert;9;blackredvert.png;blackredvert9.png;magnit;L;0;blackredvert.png;5.0;66.0;;vertLL.png
570;trial;;;;;;;;;black;blue;hori;4;blackbluehori.png;blackbluehori4.png;parity;A;0;blackbluehori.png;5.0;67.0;;vertLL.png
571;trial;;;;;;;;;black;red;hori;3;blackredhori.png;blackredhori3.png;parity;L;0;blackredhori.png;5.0;68.0;;vertLL.png
572;trial;;;;;;;;;black;blue;hori;4;blackbluehori.png;blackbluehori4.png;parity;A;0;blackbluehori.png;5.0;69.0;;vertLL.png
573;trial;;;;;;;;;black;red;vert;8;blackredvert.png;blackredvert8.png;magnit;L;0;blackredvert.png;5.0;70.0;;vertLL.png
574;trial;;;;;;;;;black;blue;hori;3;blackbluehori.png;blackbluehori3.png;parity;L;0;blackbluehori.png;5.0;71.0;;vertLL.png
575;trial;;;;;;;;;black;red;hori;6;blackredhori.png;blackredhori6.png;parity;A;0;blackredhori.png;5.0;72.0;;vertLL.png
576;trial;;;;;;;;;black;blue;hori;1;blackbluehori.png;blackbluehori1.png;parity;L;0;blackbluehori.png;5.0;73.0;;vertLL.png
577;trial;;;;;;;;;black;red;vert;7;blackredvert.png;blackredvert7.png;magnit;L;0;blackredvert.png;5.0;74.0;;vertLL.png
578;trial;;;;;;;;;black;red;hori;2;blackredhori.png;blackredhori2.png;parity;A;0;blackredhori.png;5.0;75.0;;vertLL.png
579;trial;;;;;;;;;black;blue;hori;7;blackbluehori.png;blackbluehori7.png;parity;L;0;blackbluehori.png;5.0;76.0;;vertLL.png
580;trial;;;;;;;;;black;red;vert;6;blackredvert.png;blackredvert6.png;magnit;L;0;blackredvert.png;5.0;77.0;;vertLL.png
581;trial;;;;;;;;;black;blue;vert;2;blackbluevert.png;blackbluevert2.png;magnit;A;0;blackbluevert.png;5.0;78.0;;vertLL.png
582;trial;;;;;;;;;black;blue;vert;3;blackbluevert.png;blackbluevert3.png;magnit;A;0;blackbluevert.png;5.0;79.0;;vertLL.png
583;trial;;;;;;;;;black;blue;hori;8;blackbluehori.png;blackbluehori8.png;parity;A;0;blackbluehori.png;5.0;80.0;;vertLL.png
584;trial;;;;;;;;;black;red;vert;2;blackredvert.png;blackredvert2.png;magnit;A;0;blackredvert.png;5.0;81.0;;vertLL.png
585;trial;;;;;;;;;black;red;vert;6;blackredvert.png;blackredvert6.png;magnit;L;0;blackredvert.png;5.0;82.0;;vertLL.png
586;trial;;;;;;;;;black;red;vert;3;blackredvert.png;blackredvert3.png;magnit;A;0;blackredvert.png;5.0;83.0;;vertLL.png
587;trial;;;;;;;;;black;red;vert;9;blackredvert.png;blackredvert9.png;magnit;L;0;blackredvert.png;5.0;84.0;;vertLL.png
588;trial;;;;;;;;;black;red;hori;4;blackredhori.png;blackredhori4.png;parity;A;0;blackredhori.png;5.0;85.0;;vertLL.png
589;trial;;;;;;;;;black;blue;vert;1;blackbluevert.png;blackbluevert1.png;magnit;A;0;blackbluevert.png;5.0;86.0;;vertLL.png
590;trial;;;;;;;;;black;red;vert;4;blackredvert.png;blackredvert4.png;magnit;A;0;blackredvert.png;5.0;87.0;;vertLL.png
591;trial;;;;;;;;;black;blue;vert;7;blackbluevert.png;blackbluevert7.png;magnit;L;0;blackbluevert.png;5.0;88.0;;vertLL.png
592;trial;;;;;;;;;black;blue;vert;4;blackbluevert.png;blackbluevert4.png;magnit;A;0;blackbluevert.png;5.0;89.0;;vertLL.png
593;trial;;;;;;;;;black;red;vert;7;blackredvert.png;blackredvert7.png;magnit;L;0;blackredvert.png;5.0;90.0;;vertLL.png
594;trial;;;;;;;;;black;blue;hori;3;blackbluehori.png;blackbluehori3.png;parity;L;0;blackbluehori.png;5.0;91.0;;vertLL.png
595;trial;;;;;;;;;black;red;hori;6;blackredhori.png;blackredhori6.png;parity;A;0;blackredhori.png;5.0;92.0;;vertLL.png
596;trial;;;;;;;;;black;red;hori;1;blackredhori.png;blackredhori1.png;parity;L;0;blackredhori.png;5.0;93.0;;vertLL.png
597;trial;;;;;;;;;black;blue;hori;2;blackbluehori.png;blackbluehori2.png;parity;A;0;blackbluehori.png;5.0;94.0;;vertLL.png
598;trial;;;;;;;;;black;red;hori;1;blackredhori.png;blackredhori1.png;parity;L;0;blackredhori.png;5.0;95.0;;vertLL.png
599;break;;;;;;;;;;;;;;;;;;;;;## You have completed block 6 out of 8.;vertLL.png
600;trial;;;;;;;;;black;blue;vert;7;blackbluevert.png;blackbluevert7.png;magnit;L;300;blackblackvert.png;6.0;0.0;;vertLL.png
601;trial;;;;;;;;;black;red;hori;8;blackredhori.png;blackredhori8.png;parity;A;300;blackblackhori.png;6.0;1.0;;vertLL.png
602;trial;;;;;;;;;black;red;vert;6;blackredvert.png;blackredvert6.png;magnit;L;300;blackblackvert.png;6.0;2.0;;vertLL.png
603;trial;;;;;;;;;black;red;vert;4;blackredvert.png;blackredvert4.png;magnit;A;300;blackblackvert.png;6.0;3.0;;vertLL.png
604;trial;;;;;;;;;black;red;vert;3;blackredvert.png;blackredvert3.png;magnit;A;300;blackblackvert.png;6.0;4.0;;vertLL.png
605;trial;;;;;;;;;black;blue;vert;9;blackbluevert.png;blackbluevert9.png;magnit;L;300;blackblackvert.png;6.0;5.0;;vertLL.png
606;trial;;;;;;;;;black;red;vert;7;blackredvert.png;blackredvert7.png;magnit;L;300;blackblackvert.png;6.0;6.0;;vertLL.png
607;trial;;;;;;;;;black;blue;vert;4;blackbluevert.png;blackbluevert4.png;magnit;A;300;blackblackvert.png;6.0;7.0;;vertLL.png
608;trial;;;;;;;;;black;red;hori;2;blackredhori.png;blackredhori2.png;parity;A;300;blackblackhori.png;6.0;8.0;;vertLL.png
609;trial;;;;;;;;;black;red;hori;8;blackredhori.png;blackredhori8.png;parity;A;300;blackblackhori.png;6.0;9.0;;vertLL.png
610;trial;;;;;;;;;black;blue;hori;3;blackbluehori.png;blackbluehori3.png;parity;L;300;blackblackhori.png;6.0;10.0;;vertLL.png
611;trial;;;;;;;;;black;blue;vert;8;blackbluevert.png;blackbluevert8.png;magnit;L;300;blackblackvert.png;6.0;11.0;;vertLL.png
612;trial;;;;;;;;;black;blue;vert;1;blackbluevert.png;blackbluevert1.png;magnit;A;300;blackblackvert.png;6.0;12.0;;vertLL.png
613;trial;;;;;;;;;black;blue;hori;9;blackbluehori.png;blackbluehori9.png;parity;L;300;blackblackhori.png;6.0;13.0;;vertLL.png
614;trial;;;;;;;;;black;red;hori;3;blackredhori.png;blackredhori3.png;parity;L;300;blackblackhori.png;6.0;14.0;;vertLL.png
615;trial;;;;;;;;;black;blue;vert;1;blackbluevert.png;blackbluevert1.png;magnit;A;300;blackblackvert.png;6.0;15.0;;vertLL.png
616;trial;;;;;;;;;black;blue;vert;3;blackbluevert.png;blackbluevert3.png;magnit;A;300;blackblackvert.png;6.0;16.0;;vertLL.png
617;trial;;;;;;;;;black;red;vert;1;blackredvert.png;blackredvert1.png;magnit;A;300;blackblackvert.png;6.0;17.0;;vertLL.png
618;trial;;;;;;;;;black;red;hori;6;blackredhori.png;blackredhori6.png;parity;A;300;blackblackhori.png;6.0;18.0;;vertLL.png
619;trial;;;;;;;;;black;red;vert;4;blackredvert.png;blackredvert4.png;magnit;A;300;blackblackvert.png;6.0;19.0;;vertLL.png
620;trial;;;;;;;;;black;blue;vert;7;blackbluevert.png;blackbluevert7.png;magnit;L;300;blackblackvert.png;6.0;20.0;;vertLL.png
621;trial;;;;;;;;;black;blue;hori;2;blackbluehori.png;blackbluehori2.png;parity;A;300;blackblackhori.png;6.0;21.0;;vertLL.png
622;trial;;;;;;;;;black;blue;vert;6;blackbluevert.png;blackbluevert6.png;magnit;L;300;blackblackvert.png;6.0;22.0;;vertLL.png
623;trial;;;;;;;;;black;red;vert;7;blackredvert.png;blackredvert7.png;magnit;L;300;blackblackvert.png;6.0;23.0;;vertLL.png
624;trial;;;;;;;;;black;blue;hori;8;blackbluehori.png;blackbluehori8.png;parity;A;300;blackblackhori.png;6.0;24.0;;vertLL.png
625;trial;;;;;;;;;black;red;hori;2;blackredhori.png;blackredhori2.png;parity;A;300;blackblackhori.png;6.0;25.0;;vertLL.png
626;trial;;;;;;;;;black;blue;hori;7;blackbluehori.png;blackbluehori7.png;parity;L;300;blackblackhori.png;6.0;26.0;;vertLL.png
627;trial;;;;;;;;;black;blue;vert;9;blackbluevert.png;blackbluevert9.png;magnit;L;300;blackblackvert.png;6.0;27.0;;vertLL.png
628;trial;;;;;;;;;black;red;hori;3;blackredhori.png;blackredhori3.png;parity;L;300;blackblackhori.png;6.0;28.0;;vertLL.png
629;trial;;;;;;;;;black;blue;hori;2;blackbluehori.png;blackbluehori2.png;parity;A;300;blackblackhori.png;6.0;29.0;;vertLL.png
630;trial;;;;;;;;;black;red;vert;3;blackredvert.png;blackredvert3.png;magnit;A;300;blackblackvert.png;6.0;30.0;;vertLL.png
631;trial;;;;;;;;;black;blue;vert;8;blackbluevert.png;blackbluevert8.png;magnit;L;300;blackblackvert.png;6.0;31.0;;vertLL.png
632;trial;;;;;;;;;black;blue;vert;4;blackbluevert.png;blackbluevert4.png;magnit;A;300;blackblackvert.png;6.0;32.0;;vertLL.png
633;trial;;;;;;;;;black;red;vert;8;blackredvert.png;blackredvert8.png;magnit;L;300;blackblackvert.png;6.0;33.0;;vertLL.png
634;trial;;;;;;;;;black;red;hori;4;blackredhori.png;blackredhori4.png;parity;A;300;blackblackhori.png;6.0;34.0;;vertLL.png
635;trial;;;;;;;;;black;blue;hori;1;blackbluehori.png;blackbluehori1.png;parity;L;300;blackblackhori.png;6.0;35.0;;vertLL.png
636;trial;;;;;;;;;black;red;hori;9;blackredhori.png;blackredhori9.png;parity;L;300;blackblackhori.png;6.0;36.0;;vertLL.png
637;trial;;;;;;;;;black;red;vert;6;blackredvert.png;blackredvert6.png;magnit;L;300;blackblackvert.png;6.0;37.0;;vertLL.png
638;trial;;;;;;;;;black;blue;hori;4;blackbluehori.png;blackbluehori4.png;parity;A;300;blackblackhori.png;6.0;38.0;;vertLL.png
639;trial;;;;;;;;;black;blue;hori;7;blackbluehori.png;blackbluehori7.png;parity;L;300;blackblackhori.png;6.0;39.0;;vertLL.png
640;trial;;;;;;;;;black;blue;vert;8;blackbluevert.png;blackbluevert8.png;magnit;L;300;blackblackvert.png;6.0;40.0;;vertLL.png
641;trial;;;;;;;;;black;blue;vert;9;blackbluevert.png;blackbluevert9.png;magnit;L;300;blackblackvert.png;6.0;41.0;;vertLL.png
642;trial;;;;;;;;;black;red;hori;7;blackredhori.png;blackredhori7.png;parity;L;300;blackblackhori.png;6.0;42.0;;vertLL.png
643;trial;;;;;;;;;black;red;hori;4;blackredhori.png;blackredhori4.png;parity;A;300;blackblackhori.png;6.0;43.0;;vertLL.png
644;trial;;;;;;;;;black;blue;vert;7;blackbluevert.png;blackbluevert7.png;magnit;L;300;blackblackvert.png;6.0;44.0;;vertLL.png
645;trial;;;;;;;;;black;red;vert;9;blackredvert.png;blackredvert9.png;magnit;L;300;blackblackvert.png;6.0;45.0;;vertLL.png
646;trial;;;;;;;;;black;red;vert;2;blackredvert.png;blackredvert2.png;magnit;A;300;blackblackvert.png;6.0;46.0;;vertLL.png
647;trial;;;;;;;;;black;red;vert;6;blackredvert.png;blackredvert6.png;magnit;L;300;blackblackvert.png;6.0;47.0;;vertLL.png
648;trial;;;;;;;;;black;red;vert;9;blackredvert.png;blackredvert9.png;magnit;L;300;blackblackvert.png;6.0;48.0;;vertLL.png
649;trial;;;;;;;;;black;blue;hori;4;blackbluehori.png;blackbluehori4.png;parity;A;300;blackblackhori.png;6.0;49.0;;vertLL.png
650;trial;;;;;;;;;black;red;vert;2;blackredvert.png;blackredvert2.png;magnit;A;300;blackblackvert.png;6.0;50.0;;vertLL.png
651;trial;;;;;;;;;black;blue;hori;7;blackbluehori.png;blackbluehori7.png;parity;L;300;blackblackhori.png;6.0;51.0;;vertLL.png
652;trial;;;;;;;;;black;blue;hori;9;blackbluehori.png;blackbluehori9.png;parity;L;300;blackblackhori.png;6.0;52.0;;vertLL.png
653;trial;;;;;;;;;black;red;hori;8;blackredhori.png;blackredhori8.png;parity;A;300;blackblackhori.png;6.0;53.0;;vertLL.png
654;trial;;;;;;;;;black;red;vert;2;blackredvert.png;blackredvert2.png;magnit;A;300;blackblackvert.png;6.0;54.0;;vertLL.png
655;trial;;;;;;;;;black;blue;hori;6;blackbluehori.png;blackbluehori6.png;parity;A;300;blackblackhori.png;6.0;55.0;;vertLL.png
656;trial;;;;;;;;;black;blue;vert;3;blackbluevert.png;blackbluevert3.png;magnit;A;300;blackblackvert.png;6.0;56.0;;vertLL.png
657;trial;;;;;;;;;black;blue;vert;6;blackbluevert.png;blackbluevert6.png;magnit;L;300;blackblackvert.png;6.0;57.0;;vertLL.png
658;trial;;;;;;;;;black;blue;hori;9;blackbluehori.png;blackbluehori9.png;parity;L;300;blackblackhori.png;6.0;58.0;;vertLL.png
659;trial;;;;;;;;;black;red;hori;7;blackredhori.png;blackredhori7.png;parity;L;300;blackblackhori.png;6.0;59.0;;vertLL.png
660;trial;;;;;;;;;black;blue;vert;2;blackbluevert.png;blackbluevert2.png;magnit;A;300;blackblackvert.png;6.0;60.0;;vertLL.png
661;trial;;;;;;;;;black;red;hori;9;blackredhori.png;blackredhori9.png;parity;L;300;blackblackhori.png;6.0;61.0;;vertLL.png
662;trial;;;;;;;;;black;blue;hori;1;blackbluehori.png;blackbluehori1.png;parity;L;300;blackblackhori.png;6.0;62.0;;vertLL.png
663;trial;;;;;;;;;black;red;hori;4;blackredhori.png;blackredhori4.png;parity;A;300;blackblackhori.png;6.0;63.0;;vertLL.png
664;trial;;;;;;;;;black;red;vert;3;blackredvert.png;blackredvert3.png;magnit;A;300;blackblackvert.png;6.0;64.0;;vertLL.png
665;trial;;;;;;;;;black;red;vert;4;blackredvert.png;blackredvert4.png;magnit;A;300;blackblackvert.png;6.0;65.0;;vertLL.png
666;trial;;;;;;;;;black;blue;vert;2;blackbluevert.png;blackbluevert2.png;magnit;A;300;blackblackvert.png;6.0;66.0;;vertLL.png
667;trial;;;;;;;;;black;red;hori;1;blackredhori.png;blackredhori1.png;parity;L;300;blackblackhori.png;6.0;67.0;;vertLL.png
668;trial;;;;;;;;;black;blue;vert;6;blackbluevert.png;blackbluevert6.png;magnit;L;300;blackblackvert.png;6.0;68.0;;vertLL.png
669;trial;;;;;;;;;black;red;vert;7;blackredvert.png;blackredvert7.png;magnit;L;300;blackblackvert.png;6.0;69.0;;vertLL.png
670;trial;;;;;;;;;black;blue;hori;1;blackbluehori.png;blackbluehori1.png;parity;L;300;blackblackhori.png;6.0;70.0;;vertLL.png
671;trial;;;;;;;;;black;red;vert;8;blackredvert.png;blackredvert8.png;magnit;L;300;blackblackvert.png;6.0;71.0;;vertLL.png
672;trial;;;;;;;;;black;red;hori;2;blackredhori.png;blackredhori2.png;parity;A;300;blackblackhori.png;6.0;72.0;;vertLL.png
673;trial;;;;;;;;;black;red;hori;6;blackredhori.png;blackredhori6.png;parity;A;300;blackblackhori.png;6.0;73.0;;vertLL.png
674;trial;;;;;;;;;black;red;hori;1;blackredhori.png;blackredhori1.png;parity;L;300;blackblackhori.png;6.0;74.0;;vertLL.png
675;trial;;;;;;;;;black;blue;hori;6;blackbluehori.png;blackbluehori6.png;parity;A;300;blackblackhori.png;6.0;75.0;;vertLL.png
676;trial;;;;;;;;;black;blue;vert;1;blackbluevert.png;blackbluevert1.png;magnit;A;300;blackblackvert.png;6.0;76.0;;vertLL.png
677;trial;;;;;;;;;black;blue;hori;8;blackbluehori.png;blackbluehori8.png;parity;A;300;blackblackhori.png;6.0;77.0;;vertLL.png
678;trial;;;;;;;;;black;red;hori;3;blackredhori.png;blackredhori3.png;parity;L;300;blackblackhori.png;6.0;78.0;;vertLL.png
679;trial;;;;;;;;;black;red;vert;1;blackredvert.png;blackredvert1.png;magnit;A;300;blackblackvert.png;6.0;79.0;;vertLL.png
680;trial;;;;;;;;;black;blue;hori;8;blackbluehori.png;blackbluehori8.png;parity;A;300;blackblackhori.png;6.0;80.0;;vertLL.png
681;trial;;;;;;;;;black;red;hori;9;blackredhori.png;blackredhori9.png;parity;L;300;blackblackhori.png;6.0;81.0;;vertLL.png
682;trial;;;;;;;;;black;blue;vert;4;blackbluevert.png;blackbluevert4.png;magnit;A;300;blackblackvert.png;6.0;82.0;;vertLL.png
683;trial;;;;;;;;;black;blue;hori;3;blackbluehori.png;blackbluehori3.png;parity;L;300;blackblackhori.png;6.0;83.0;;vertLL.png
684;trial;;;;;;;;;black;blue;hori;4;blackbluehori.png;blackbluehori4.png;parity;A;300;blackblackhori.png;6.0;84.0;;vertLL.png
685;trial;;;;;;;;;black;red;hori;7;blackredhori.png;blackredhori7.png;parity;L;300;blackblackhori.png;6.0;85.0;;vertLL.png
686;trial;;;;;;;;;black;blue;vert;3;blackbluevert.png;blackbluevert3.png;magnit;A;300;blackblackvert.png;6.0;86.0;;vertLL.png
687;trial;;;;;;;;;black;red;vert;9;blackredvert.png;blackredvert9.png;magnit;L;300;blackblackvert.png;6.0;87.0;;vertLL.png
688;trial;;;;;;;;;black;blue;hori;3;blackbluehori.png;blackbluehori3.png;parity;L;300;blackblackhori.png;6.0;88.0;;vertLL.png
689;trial;;;;;;;;;black;red;vert;8;blackredvert.png;blackredvert8.png;magnit;L;300;blackblackvert.png;6.0;89.0;;vertLL.png
690;trial;;;;;;;;;black;red;hori;6;blackredhori.png;blackredhori6.png;parity;A;300;blackblackhori.png;6.0;90.0;;vertLL.png
691;trial;;;;;;;;;black;red;vert;1;blackredvert.png;blackredvert1.png;magnit;A;300;blackblackvert.png;6.0;91.0;;vertLL.png
692;trial;;;;;;;;;black;blue;hori;2;blackbluehori.png;blackbluehori2.png;parity;A;300;blackblackhori.png;6.0;92.0;;vertLL.png
693;trial;;;;;;;;;black;blue;hori;6;blackbluehori.png;blackbluehori6.png;parity;A;300;blackblackhori.png;6.0;93.0;;vertLL.png
694;trial;;;;;;;;;black;red;hori;1;blackredhori.png;blackredhori1.png;parity;L;300;blackblackhori.png;6.0;94.0;;vertLL.png
695;trial;;;;;;;;;black;blue;vert;2;blackbluevert.png;blackbluevert2.png;magnit;A;300;blackblackvert.png;6.0;95.0;;vertLL.png
696;break;;;;;;;;;;;;;;;;;;;;;## You have completed block 7 out of 8.;vertLL.png
697;trial;;;;;;;;;black;blue;vert;4;blackbluevert.png;blackbluevert4.png;magnit;A;0;blackbluevert.png;7.0;0.0;;vertLL.png
698;trial;;;;;;;;;black;red;hori;7;blackredhori.png;blackredhori7.png;parity;L;0;blackredhori.png;7.0;1.0;;vertLL.png
699;trial;;;;;;;;;black;blue;vert;1;blackbluevert.png;blackbluevert1.png;magnit;A;0;blackbluevert.png;7.0;2.0;;vertLL.png
700;trial;;;;;;;;;black;blue;hori;9;blackbluehori.png;blackbluehori9.png;parity;L;0;blackbluehori.png;7.0;3.0;;vertLL.png
701;trial;;;;;;;;;black;blue;vert;4;blackbluevert.png;blackbluevert4.png;magnit;A;0;blackbluevert.png;7.0;4.0;;vertLL.png
702;trial;;;;;;;;;black;blue;hori;9;blackbluehori.png;blackbluehori9.png;parity;L;0;blackbluehori.png;7.0;5.0;;vertLL.png
703;trial;;;;;;;;;black;red;hori;6;blackredhori.png;blackredhori6.png;parity;A;0;blackredhori.png;7.0;6.0;;vertLL.png
704;trial;;;;;;;;;black;red;hori;3;blackredhori.png;blackredhori3.png;parity;L;0;blackredhori.png;7.0;7.0;;vertLL.png
705;trial;;;;;;;;;black;red;hori;4;blackredhori.png;blackredhori4.png;parity;A;0;blackredhori.png;7.0;8.0;;vertLL.png
706;trial;;;;;;;;;black;blue;hori;2;blackbluehori.png;blackbluehori2.png;parity;A;0;blackbluehori.png;7.0;9.0;;vertLL.png
707;trial;;;;;;;;;black;red;hori;8;blackredhori.png;blackredhori8.png;parity;A;0;blackredhori.png;7.0;10.0;;vertLL.png
708;trial;;;;;;;;;black;blue;vert;4;blackbluevert.png;blackbluevert4.png;magnit;A;0;blackbluevert.png;7.0;11.0;;vertLL.png
709;trial;;;;;;;;;black;blue;vert;2;blackbluevert.png;blackbluevert2.png;magnit;A;0;blackbluevert.png;7.0;12.0;;vertLL.png
710;trial;;;;;;;;;black;red;vert;7;blackredvert.png;blackredvert7.png;magnit;L;0;blackredvert.png;7.0;13.0;;vertLL.png
711;trial;;;;;;;;;black;red;hori;8;blackredhori.png;blackredhori8.png;parity;A;0;blackredhori.png;7.0;14.0;;vertLL.png
712;trial;;;;;;;;;black;blue;hori;4;blackbluehori.png;blackbluehori4.png;parity;A;0;blackbluehori.png;7.0;15.0;;vertLL.png
713;trial;;;;;;;;;black;red;vert;7;blackredvert.png;blackredvert7.png;magnit;L;0;blackredvert.png;7.0;16.0;;vertLL.png
714;trial;;;;;;;;;black;red;vert;3;blackredvert.png;blackredvert3.png;magnit;A;0;blackredvert.png;7.0;17.0;;vertLL.png
715;trial;;;;;;;;;black;blue;hori;6;blackbluehori.png;blackbluehori6.png;parity;A;0;blackbluehori.png;7.0;18.0;;vertLL.png
716;trial;;;;;;;;;black;blue;vert;8;blackbluevert.png;blackbluevert8.png;magnit;L;0;blackbluevert.png;7.0;19.0;;vertLL.png
717;trial;;;;;;;;;black;blue;hori;1;blackbluehori.png;blackbluehori1.png;parity;L;0;blackbluehori.png;7.0;20.0;;vertLL.png
718;trial;;;;;;;;;black;blue;vert;6;blackbluevert.png;blackbluevert6.png;magnit;L;0;blackbluevert.png;7.0;21.0;;vertLL.png
719;trial;;;;;;;;;black;blue;vert;2;blackbluevert.png;blackbluevert2.png;magnit;A;0;blackbluevert.png;7.0;22.0;;vertLL.png
720;trial;;;;;;;;;black;red;vert;1;blackredvert.png;blackredvert1.png;magnit;A;0;blackredvert.png;7.0;23.0;;vertLL.png
721;trial;;;;;;;;;black;red;hori;8;blackredhori.png;blackredhori8.png;parity;A;0;blackredhori.png;7.0;24.0;;vertLL.png
722;trial;;;;;;;;;black;red;hori;6;blackredhori.png;blackredhori6.png;parity;A;0;blackredhori.png;7.0;25.0;;vertLL.png
723;trial;;;;;;;;;black;blue;vert;9;blackbluevert.png;blackbluevert9.png;magnit;L;0;blackbluevert.png;7.0;26.0;;vertLL.png
724;trial;;;;;;;;;black;blue;vert;1;blackbluevert.png;blackbluevert1.png;magnit;A;0;blackbluevert.png;7.0;27.0;;vertLL.png
725;trial;;;;;;;;;black;blue;hori;4;blackbluehori.png;blackbluehori4.png;parity;A;0;blackbluehori.png;7.0;28.0;;vertLL.png
726;trial;;;;;;;;;black;red;hori;1;blackredhori.png;blackredhori1.png;parity;L;0;blackredhori.png;7.0;29.0;;vertLL.png
727;trial;;;;;;;;;black;blue;vert;9;blackbluevert.png;blackbluevert9.png;magnit;L;0;blackbluevert.png;7.0;30.0;;vertLL.png
728;trial;;;;;;;;;black;red;hori;7;blackredhori.png;blackredhori7.png;parity;L;0;blackredhori.png;7.0;31.0;;vertLL.png
729;trial;;;;;;;;;black;red;vert;4;blackredvert.png;blackredvert4.png;magnit;A;0;blackredvert.png;7.0;32.0;;vertLL.png
730;trial;;;;;;;;;black;blue;vert;8;blackbluevert.png;blackbluevert8.png;magnit;L;0;blackbluevert.png;7.0;33.0;;vertLL.png
731;trial;;;;;;;;;black;blue;hori;4;blackbluehori.png;blackbluehori4.png;parity;A;0;blackbluehori.png;7.0;34.0;;vertLL.png
732;trial;;;;;;;;;black;blue;hori;6;blackbluehori.png;blackbluehori6.png;parity;A;0;blackbluehori.png;7.0;35.0;;vertLL.png
733;trial;;;;;;;;;black;red;hori;9;blackredhori.png;blackredhori9.png;parity;L;0;blackredhori.png;7.0;36.0;;vertLL.png
734;trial;;;;;;;;;black;red;vert;4;blackredvert.png;blackredvert4.png;magnit;A;0;blackredvert.png;7.0;37.0;;vertLL.png
735;trial;;;;;;;;;black;blue;vert;3;blackbluevert.png;blackbluevert3.png;magnit;A;0;blackbluevert.png;7.0;38.0;;vertLL.png
736;trial;;;;;;;;;black;red;hori;6;blackredhori.png;blackredhori6.png;parity;A;0;blackredhori.png;7.0;39.0;;vertLL.png
737;trial;;;;;;;;;black;red;hori;9;blackredhori.png;blackredhori9.png;parity;L;0;blackredhori.png;7.0;40.0;;vertLL.png
738;trial;;;;;;;;;black;red;hori;4;blackredhori.png;blackredhori4.png;parity;A;0;blackredhori.png;7.0;41.0;;vertLL.png
739;trial;;;;;;;;;black;red;vert;3;blackredvert.png;blackredvert3.png;magnit;A;0;blackredvert.png;7.0;42.0;;vertLL.png
740;trial;;;;;;;;;black;blue;hori;9;blackbluehori.png;blackbluehori9.png;parity;L;0;blackbluehori.png;7.0;43.0;;vertLL.png
741;trial;;;;;;;;;black;blue;hori;3;blackbluehori.png;blackbluehori3.png;parity;L;0;blackbluehori.png;7.0;44.0;;vertLL.png
742;trial;;;;;;;;;black;blue;vert;9;blackbluevert.png;blackbluevert9.png;magnit;L;0;blackbluevert.png;7.0;45.0;;vertLL.png
743;trial;;;;;;;;;black;blue;vert;7;blackbluevert.png;blackbluevert7.png;magnit;L;0;blackbluevert.png;7.0;46.0;;vertLL.png
744;trial;;;;;;;;;black;blue;hori;3;blackbluehori.png;blackbluehori3.png;parity;L;0;blackbluehori.png;7.0;47.0;;vertLL.png
745;trial;;;;;;;;;black;blue;hori;2;blackbluehori.png;blackbluehori2.png;parity;A;0;blackbluehori.png;7.0;48.0;;vertLL.png
746;trial;;;;;;;;;black;blue;vert;3;blackbluevert.png;blackbluevert3.png;magnit;A;0;blackbluevert.png;7.0;49.0;;vertLL.png
747;trial;;;;;;;;;black;blue;hori;6;blackbluehori.png;blackbluehori6.png;parity;A;0;blackbluehori.png;7.0;50.0;;vertLL.png
748;trial;;;;;;;;;black;blue;vert;2;blackbluevert.png;blackbluevert2.png;magnit;A;0;blackbluevert.png;7.0;51.0;;vertLL.png
749;trial;;;;;;;;;black;blue;hori;7;blackbluehori.png;blackbluehori7.png;parity;L;0;blackbluehori.png;7.0;52.0;;vertLL.png
750;trial;;;;;;;;;black;red;vert;2;blackredvert.png;blackredvert2.png;magnit;A;0;blackredvert.png;7.0;53.0;;vertLL.png
751;trial;;;;;;;;;black;red;vert;7;blackredvert.png;blackredvert7.png;magnit;L;0;blackredvert.png;7.0;54.0;;vertLL.png
752;trial;;;;;;;;;black;red;vert;6;blackredvert.png;blackredvert6.png;magnit;L;0;blackredvert.png;7.0;55.0;;vertLL.png
753;trial;;;;;;;;;black;red;vert;9;blackredvert.png;blackredvert9.png;magnit;L;0;blackredvert.png;7.0;56.0;;vertLL.png
754;trial;;;;;;;;;black;blue;hori;7;blackbluehori.png;blackbluehori7.png;parity;L;0;blackbluehori.png;7.0;57.0;;vertLL.png
755;trial;;;;;;;;;black;blue;hori;1;blackbluehori.png;blackbluehori1.png;parity;L;0;blackbluehori.png;7.0;58.0;;vertLL.png
756;trial;;;;;;;;;black;red;vert;6;blackredvert.png;blackredvert6.png;magnit;L;0;blackredvert.png;7.0;59.0;;vertLL.png
757;trial;;;;;;;;;black;blue;vert;1;blackbluevert.png;blackbluevert1.png;magnit;A;0;blackbluevert.png;7.0;60.0;;vertLL.png
758;trial;;;;;;;;;black;blue;hori;3;blackbluehori.png;blackbluehori3.png;parity;L;0;blackbluehori.png;7.0;61.0;;vertLL.png
759;trial;;;;;;;;;black;blue;hori;8;blackbluehori.png;blackbluehori8.png;parity;A;0;blackbluehori.png;7.0;62.0;;vertLL.png
760;trial;;;;;;;;;black;blue;vert;7;blackbluevert.png;blackbluevert7.png;magnit;L;0;blackbluevert.png;7.0;63.0;;vertLL.png
761;trial;;;;;;;;;black;red;vert;9;blackredvert.png;blackredvert9.png;magnit;L;0;blackredvert.png;7.0;64.0;;vertLL.png
762;trial;;;;;;;;;black;blue;vert;7;blackbluevert.png;blackbluevert7.png;magnit;L;0;blackbluevert.png;7.0;65.0;;vertLL.png
763;trial;;;;;;;;;black;red;hori;1;blackredhori.png;blackredhori1.png;parity;L;0;blackredhori.png;7.0;66.0;;vertLL.png
764;trial;;;;;;;;;black;red;hori;2;blackredhori.png;blackredhori2.png;parity;A;0;blackredhori.png;7.0;67.0;;vertLL.png
765;trial;;;;;;;;;black;red;vert;3;blackredvert.png;blackredvert3.png;magnit;A;0;blackredvert.png;7.0;68.0;;vertLL.png
766;trial;;;;;;;;;black;blue;hori;7;blackbluehori.png;blackbluehori7.png;parity;L;0;blackbluehori.png;7.0;69.0;;vertLL.png
767;trial;;;;;;;;;black;blue;vert;6;blackbluevert.png;blackbluevert6.png;magnit;L;0;blackbluevert.png;7.0;70.0;;vertLL.png
768;trial;;;;;;;;;black;blue;vert;8;blackbluevert.png;blackbluevert8.png;magnit;L;0;blackbluevert.png;7.0;71.0;;vertLL.png
769;trial;;;;;;;;;black;blue;vert;6;blackbluevert.png;blackbluevert6.png;magnit;L;0;blackbluevert.png;7.0;72.0;;vertLL.png
770;trial;;;;;;;;;black;red;vert;8;blackredvert.png;blackredvert8.png;magnit;L;0;blackredvert.png;7.0;73.0;;vertLL.png
771;trial;;;;;;;;;black;red;vert;1;blackredvert.png;blackredvert1.png;magnit;A;0;blackredvert.png;7.0;74.0;;vertLL.png
772;trial;;;;;;;;;black;red;hori;2;blackredhori.png;blackredhori2.png;parity;A;0;blackredhori.png;7.0;75.0;;vertLL.png
773;trial;;;;;;;;;black;red;hori;3;blackredhori.png;blackredhori3.png;parity;L;0;blackredhori.png;7.0;76.0;;vertLL.png
774;trial;;;;;;;;;black;blue;hori;8;blackbluehori.png;blackbluehori8.png;parity;A;0;blackbluehori.png;7.0;77.0;;vertLL.png
775;trial;;;;;;;;;black;red;hori;2;blackredhori.png;blackredhori2.png;parity;A;0;blackredhori.png;7.0;78.0;;vertLL.png
776;trial;;;;;;;;;black;red;vert;9;blackredvert.png;blackredvert9.png;magnit;L;0;blackredvert.png;7.0;79.0;;vertLL.png
777;trial;;;;;;;;;black;red;hori;3;blackredhori.png;blackredhori3.png;parity;L;0;blackredhori.png;7.0;80.0;;vertLL.png
778;trial;;;;;;;;;black;red;vert;1;blackredvert.png;blackredvert1.png;magnit;A;0;blackredvert.png;7.0;81.0;;vertLL.png
779;trial;;;;;;;;;black;red;vert;6;blackredvert.png;blackredvert6.png;magnit;L;0;blackredvert.png;7.0;82.0;;vertLL.png
780;trial;;;;;;;;;black;red;hori;9;blackredhori.png;blackredhori9.png;parity;L;0;blackredhori.png;7.0;83.0;;vertLL.png
781;trial;;;;;;;;;black;blue;hori;8;blackbluehori.png;blackbluehori8.png;parity;A;0;blackbluehori.png;7.0;84.0;;vertLL.png
782;trial;;;;;;;;;black;blue;hori;1;blackbluehori.png;blackbluehori1.png;parity;L;0;blackbluehori.png;7.0;85.0;;vertLL.png
783;trial;;;;;;;;;black;blue;vert;3;blackbluevert.png;blackbluevert3.png;magnit;A;0;blackbluevert.png;7.0;86.0;;vertLL.png
784;trial;;;;;;;;;black;red;vert;2;blackredvert.png;blackredvert2.png;magnit;A;0;blackredvert.png;7.0;87.0;;vertLL.png
785;trial;;;;;;;;;black;red;vert;4;blackredvert.png;blackredvert4.png;magnit;A;0;blackredvert.png;7.0;88.0;;vertLL.png
786;trial;;;;;;;;;black;red;hori;1;blackredhori.png;blackredhori1.png;parity;L;0;blackredhori.png;7.0;89.0;;vertLL.png
787;trial;;;;;;;;;black;red;vert;8;blackredvert.png;blackredvert8.png;magnit;L;0;blackredvert.png;7.0;90.0;;vertLL.png
788;trial;;;;;;;;;black;blue;hori;2;blackbluehori.png;blackbluehori2.png;parity;A;0;blackbluehori.png;7.0;91.0;;vertLL.png
789;trial;;;;;;;;;black;red;hori;7;blackredhori.png;blackredhori7.png;parity;L;0;blackredhori.png;7.0;92.0;;vertLL.png
790;trial;;;;;;;;;black;red;hori;4;blackredhori.png;blackredhori4.png;parity;A;0;blackredhori.png;7.0;93.0;;vertLL.png
791;trial;;;;;;;;;black;red;vert;2;blackredvert.png;blackredvert2.png;magnit;A;0;blackredvert.png;7.0;94.0;;vertLL.png
792;trial;;;;;;;;;black;red;vert;8;blackredvert.png;blackredvert8.png;magnit;L;0;blackredvert.png;7.0;95.0;;vertLL.png
793;break;;;;;;;;;;;;;;;;;;;;;## You have completed block 8 out of 8.;vertLL.png
